"","Q1.2","Q1.4","Q1.5","Q1.12","Q1.14.1","Q1.14.2","Q1.14.3","Q1.14.4","Q1.14.5","Q1.14.6","Q3.3","Q3.5.2","Q3.6.1","Q3.6.2","Q3.7","Q3.8.1c1","Q3.8.1c2","Q3.12","Q3.14","Q3.21.1","Q3.21.2","Q3.21.3","Q5.1","Q5.2","Q5.3.1","Q5.4","Q6.1.1","Q6.1.2","Q6.1.3","Q6.1.4","Q6.1.5","Q6.2.1","Q6.2.2","Q6.2.5","Q6.3","Q6.7","Q7.5","Q7.6"
"1",2,22,3,1,4,4,5,5,4,4,2,3,90,70,400,200,0,2,0,3,3,3,55.9166333333333,1,86,1,5,4,3,3,5,5,4,4,3,5,5,4
"2",2,26,1,1,4,1,4,1,4,4,2,3,15,21,150,2090,0,3,40,5,1,1,39.4999666666668,1,86,1,5,5,4,4,4,5,3,3,5,7,6,2
"3",1,23,10,2,4,1,3,4,5,2,2,3,18,12.7,800,565,150,4,20,4,4,4,27.5833,1,86,1,3,2,2,2,3,4,2,4,4,3,7,4
"4",2,18,8,2,4,4,3,3,3,4,1,3,30,10,1300,1250,0,3,30,3,3,3,26.8333,1,147,2,2,1,3,2,4,3,3,4,5,6,7,5
"5",1,18,3,2,4,5,3,5,4,5,1,1,45,3.8,120,110,310,3,0,3,3,3,24.3333,2,86,1,5,5,5,4,5,4,4,5,4,3,7,6
"6",1,18,6,1,4,3,3,3,4,4,1,1,30,2.7,0,0,647.5,5,0,3,3,3,24.4166333333333,1,144,3,4,3,2,2,5,4,1,4,6,1,5,6
"7",2,3,3,2,5,5,5,5,5,4,2,3,50,10,752,160,70,4,20,3,4,4,28.9166333333333,1,86,1,5,5,4,4,5,4,1,5,4,5,5,3
"8",1,25,11,1,4,4,4,4,4,2,1,1,12,2,0,1040,0,5,0,3,5,5,37.6666333333333,2,86,1,5,6,4,5,5,1,2,4,4,5,5,4
"9",1,24,2,1,4,4,2,3,4,4,2,5,65,28,390,295,60,4,10,5,3,3,29.4166333333333,2,86,1,3,4,2,4,2,2,2,5,6,6,7,6
"10",2,24,3,2,5,5,5,5,5,5,2,3,25,21,2643,1065,0,3,35,5,3,3,40.1666333333333,1,86,1,5,3,3,3,3,4,4,4,2,7,6,6
"11",1,3,2,1,5,4,4,4,5,4,1,1,40,4,0,775,0,5,16,3,3,3,30.5833,1,86,1,3,2,2,2,2,3,1,5,6,6,3,7
"12",1,18,5,2,5,4,5,4,4,5,1,1,20,0.6,417,415,450,2,0,3,3,3,21.9999666666668,1,86,1,3,3,3,3,3,4,5,5,3,5,5,3
"13",1,24,6,1,3,4,2,4,3,4,1,3,60,8,0,1295,0,1,40,2,1,1,31.5833,1,86,1,4,3,2,2,2,2,4,4,3,2,6,1
"14",1,18,2,2,4,4,3,4,5,4,1,1,40,6,310,410,0,2,0,3,3,3,23.2499666666668,2,189,5,5,4,4,4,6,3,3,4,4,5,6,7
"15",2,25,4,1,4,4,4,5,5,5,1,5,180,200,150,1120,0,4,26,3,3,3,27.4999666666668,1,86,1,4,4,4,1,5,4,2,4,2,1,5,1
"16",1,4,8,2,3,2,4,4,4,4,1,1,30,3,500,0,410,5,0,3,5,5,21.9166333333333,2,82,4,3,4,4,3,4,2,2,3,5,5,5,6
"17",1,18,7,2,4,4,2,4,5,5,1,1,20,3,500,320,300,4,10,3,4,4,21.7499666666668,2,86,1,2,2,4,3,2,2,2,5,4,3,5,3
"18",1,22,4,1,4,4,3,2,4,5,1,1,20,5,1000,1000,0,4,17,4,2,2,32.3333,1,86,1,5,4,4,3,5,4,2,4,3,6,5,3
"19",2,22,6,2,4,4,3,3,4,3,2,5,25,3,1500,1205,0,1,38,1,1,1,28.0833,1,86,1,3,3,3,1,3,5,4,4,3,5,7,4
"20",1,18,4,2,4,5,3,5,4,4,2,2,3,0.5,500,465,200,2,18,3,3,3,26.0833,1,86,1,5,5,5,3,3,5,3,4,3,4,5,7
"21",1,24,7,1,3,4,1,3,4,2,1,3,5,5,1000,960,0,4,0,3,4,4,27.9166333333333,1,70,4,2,2,3,2,2,4,3,3,4,4,4,7
"22",2,12,1,1,4,4,4,4,4,4,2,3,15,5,50,2600,0,5,0,3,3,3,42.8333,2,86,1,5,5,5,5,5,4,2,4,3,4,6,5
"23",1,18,4,2,4,4,3,2,5,2,2,1,10,0.75,120,200,0,4,1,3,3,3,23.5833,1,86,1,4,3,2,3,1,5,1,4,5,6,5,3
"24",1,3,2,2,4,3,4,4,2,5,1,1,55,4.3,600,600,0,4,20,5,2,2,22.6666333333333,1,86,1,4,4,4,3,3,4,2,4,5,3,9,6
"25",1,22,2,2,4,3,4,2,4,2,1,1,20,1.5,930,738,0,4,0,3,3,3,23.1666333333333,1,189,4,4,3,3,2,4,4,2,4,5,5,5,7
"26",2,2,8,1,4,3,4,5,5,4,2,3,45,21.7,752,625,100,4,0,3,3,3,43.5833,1,86,1,4,5,3,3,5,5,3,5,6,4,2,4
"27",2,16,2,1,5,5,5,5,5,5,2,3,120,128,0,1990,0,4,39,5,1,1,54.7499666666668,1,86,1,2,3,3,3,4,4,3,5,5,5,6,7
"28",1,2,3,2,4,3,3,4,5,3,1,1,20,1.6,350,630,0,4,0,3,3,3,23.7499666666668,1,86,1,5,5,6,5,5,3,2,4,4,2,3,3
"29",1,18,6,2,5,5,3,4,5,5,1,3,5,1,1000,1000,0,5,16,5,1,1,23.6666333333333,1,86,1,5,5,4,3,5,4,1,5,4,6,10,5
"30",1,18,4,2,4,4,4,4,4,4,1,3,120,200,1400,1230,0,4,45,3,3,3,25.4166333333333,1,86,1,4,3,2,1,4,5,2,4,4,6,8,5
"31",1,24,4,2,4,3,2,4,4,4,1,1,25,2,400,380,420,2,0,3,3,3,22.5833,2,86,1,5,5,3,3,4,3,4,4,3,5,5,5
"32",2,18,7,2,4,3,3,4,3,5,1,3,37,21,1650,775,0,1,41,2,3,3,25.6666333333333,2,144,4,3,4,4,3,4,4,4,4,5,4,7,6
"33",1,18,2,1,4,4,2,4,3,3,1,1,15,1.5,945,765,0,1,0,3,4,4,33.0833,1,70,4,2,2,4,3,4,3,4,3,5,2,5,3
"34",1,24,10,2,2,1,3,4,4,5,2,3,20,3,1400,1150,60,3,16,5,1,1,25.0833,1,86,1,4,3,3,2,4,5,1,4,1,2,5,3
"35",1,26,8,2,5,5,2,1,5,4,1,3,5,1.5,250,350,350,5,0,3,5,5,23.8333,2,86,1,6,5,2,2,4,5,2,4,2,4,5,4
"36",1,22,2,2,4,4,4,4,5,4,1,2,15,4.3,2340,1950,0,2,30,4,3,3,23.0833,2,86,1,5,5,5,4,5,4,4,4,2,6,5,1
"37",2,22,10,1,4,3,3,5,5,4,1,5,55,10,2100,1780,0,2,38,5,1,1,42.4166333333333,1,65,3,5,3,4,2,3,4,4,4,2,3,6,7
"38",1,25,4,2,3,2,2,3,3,5,1,1,15,2,400,400,0,3,0,2,5,5,26.4166333333333,2,86,1,3,3,3,3,2,4,3,3,4,7,10,5
"39",1,24,7,1,2,3,2,1,1,4,2,3,30,30,0,190,70,4,0,2,5,5,25.0833,2,86,1,2,2,2,1,2,5,2,2,4,5,4,3
"40",1,23,2,2,4,1,4,4,2,5,2,5,15,4.4,700,331,100,4,16,3,3,3,23.6666333333333,1,86,1,5,4,3,5,3,5,3,4,5,6,6,3
"41",2,5,6,1,4,4,3,4,5,4,2,3,10,5,1000,900,0,1,0,3,3,3,50.1666333333333,1,86,1,5,4,5,4,5,5,5,5,3,3,3,5
"42",1,19,4,2,4,1,4,2,2,4,2,3,45,45,100,100,170,3,0,3,3,3,20.8333,1,86,1,4,4,4,2,2,5,2,3,6,3,3,1
"43",2,24,7,1,4,2,3,5,5,5,1,5,30,20,2333,2100,0,2,37.5,3,3,3,33.4166333333333,2,86,1,5,3,1,1,2,5,2,4,4,6,5,6
"44",1,19,3,2,4,2,4,4,4,4,1,1,15,1.6,100,0,630,3,0,5,5,5,22.2499666666668,1,86,1,4,4,4,3,3,2,2,2,4,1,6,5
"45",1,18,2,2,5,4,4,5,5,5,1,1,20,1.8,555,90,380,4,8,3,4,4,22.4999666666668,1,86,1,5,4,4,3,4,1,1,5,2,5,4,2
"46",1,24,8,1,4,2,4,4,4,5,1,5,45,25,150,630,0,3,0,3,3,3,25.5833,2,86,1,2,2,3,2,4,2,2,5,6,5,6,6
"47",1,24,4,2,4,4,2,4,3,4,1,5,80,10,320,511.5,470,4,13,5,2,2,23.4999666666668,1,86,1,4,4,5,4,5,5,2,3,4,3,5,2
"48",1,25,4,1,5,5,3,1,5,5,1,3,30,30,1170,1140,0,5,0,3,3,3,33.5833,1,86,1,2,2,2,1,2,5,1,5,3,4,8,6
"49",1,18,6,2,5,5,4,5,5,4,1,1,15,1.6,1000,987,0,3,0,3,4,4,24.7499666666668,1,86,1,5,2,4,3,5,4,3,4,3,6,6,7
"50",1,24,4,1,4,4,3,3,5,4,2,3,90,36,500,500,0,5,0,3,5,5,43.6666333333333,2,147,2,3,5,4,4,2,4,2,5,3,2,9,7
"51",1,24,4,1,5,4,3,4,4,4,1,3,45,55,0,1410,0,1,45,4,3,3,34.0833,1,86,1,5,5,5,5,4,2,4,4,2,1,4,3
"52",1,18,7,2,4,4,4,4,4,5,1,1,12,1.6,400,400,0,5,0,3,5,5,22.9999666666668,2,86,1,2,2,4,2,2,4,1,4,4,3,6,5
"53",1,25,10,2,5,5,4,4,5,5,2,3,45,46.8,440,440,0,4,8,4,2,2,23.7499666666668,1,86,1,3,3,3,3,3,3,2,4,4,3,5,2
"54",2,19,2,2,5,5,4,5,5,5,2,3,37,50,2000,1200,0,2,40,5,3,3,60.7499666666668,2,86,1,5,5,5,4,5,5,4,5,2,1,7,1
"55",1,26,4,2,5,5,3,4,5,5,2,3,50,64,30,425,1100,3,0,4,4,4,24.6666333333333,1,86,1,4,3,2,1,1,4,4,4,6,6,5,7
"56",2,18,5,1,5,5,5,5,5,5,2,3,10,3,3500,1980,0,3,0,3,3,3,60.6666333333333,2,86,1,4,4,2,2,5,5,4,4,4,4,5,4
"57",1,18,2,1,5,5,5,5,5,4,1,2,30,4,560,560,0,5,20,4,2,2,30.8333,2,86,1,5,3,4,4,4,4,2,5,3,5,6,7
"58",1,23,2,1,4,2,4,3,5,2,1,1,12,1,1194,805,0,2,0,2,2,2,24.4999666666668,1,70,4,3,2,2,3,4,2,4,2,5,4,8,7
"59",1,18,2,2,4,4,4,2,4,4,1,1,15,3.3,567,520,0,5,15,3,4,4,23.7499666666668,1,86,1,3,3,2,3,2,1,1,2,4,4,6,5
"60",1,16,2,1,5,4,5,5,5,4,2,3,37.5,16,1448,964,1150,2,7.5,3,3,3,61.0833,1,86,1,5,5,5,5,5,4,4,4,3,3,6,5
"61",1,18,2,2,5,4,3,4,5,2,1,1,15,2,850,720,0,4,10,2,4,4,24.0833,2,86,1,4,3,4,2,4,4,1,4,3,4,5,5
"62",2,24,4,1,5,4,4,4,5,5,1,5,30,2.5,300,180,1650,2,0,5,5,5,37.4166333333333,1,88,4,3,4,2,3,4,4,2,5,4,5,6,3
"63",2,24,1,2,4,4,3,3,4,3,2,3,105,150,0,1741,0,5,13.5,3,3,3,36.2499666666668,1,86,1,2,2,2,1,3,4,1,4,2,5,6,5
"64",1,23,2,2,4,4,3,2,4,4,2,5,15,4,1000,800,0,2,25,5,1,1,23.0833,2,86,1,5,5,4,3,5,5,4,4,3,2,5,5
"65",1,19,2,2,5,4,2,4,5,5,1,1,25,21,430,375,229,5,8.5,3,3,3,23.9999666666668,1,86,1,2,2,4,3,5,5,1,5,3,2,3,3
"66",1,3,4,2,4,4,5,4,4,5,1,1,7,0.5,590,675,90,4,7,2,4,4,22.3333,2,86,1,4,3,1,2,3,4,2,5,3,5,5,7
"67",1,18,4,1,4,4,3,5,5,5,2,3,60,50,110,979,1300,5,25,5,2,2,44.0833,1,86,1,5,3,4,4,4,5,2,4,3,5,6,5
"68",1,25,10,2,5,4,4,4,5,5,2,3,15,15.6,200,100,0,3,0,3,3,3,23.4166333333333,1,86,1,6,5,6,5,6,5,4,4,4,6,6,4
"69",1,24,1,1,2,2,4,4,4,4,1,2,30,10,633,590,0,2,6,3,4,4,30.4166333333333,1,86,1,5,5,5,5,5,4,2,4,6,1,5,3
"70",2,24,4,2,4,4,3,4,4,4,1,5,45,5,3000,2765,0,1,40,4,4,4,34.4999666666668,1,86,1,5,5,5,3,5,5,4,3,2,4,3,1
"71",1,3,3,2,2,4,2,3,2,4,2,3,90,114,100,0,650,4,0,3,3,3,22.4999666666668,1,86,1,2,2,2,2,2,5,1,2,5,3,5,4
"72",1,22,6,2,5,5,4,4,5,5,1,1,15,1.6,400,400,480,4,0,5,5,5,23.2499666666668,2,86,1,5,4,5,2,4,5,2,4,3,2,3,4
"73",1,18,3,1,5,2,3,3,5,4,1,3,10,1.2,2400,640,0,5,20,3,3,3,33.1666333333333,1,86,1,5,3,3,3,4,4,2,4,2,3,6,7
"74",2,24,4,2,5,5,5,4,5,5,1,3,45,8,2000,283,0,3,35,4,3,3,28.6666333333333,1,86,1,4,4,3,3,2,5,2,5,2,6,5,1
"75",1,23,7,2,5,5,4,5,5,5,1,1,10,0.5,450,445,440,1,5,4,4,4,28.9999666666668,2,134,4,5,5,4,5,4,4,5,5,6,7,4,7
"76",1,3,2,2,5,5,5,3,4,4,1,2,30,2,600,250,560,2,0,4,3,3,22.7499666666668,1,189,1,5,3,3,3,5,2,4,5,5,1,3,2
"77",2,23,2,1,4,4,3,3,5,5,2,3,150,180,3100,1955,0,1,40,4,3,3,56.2499666666668,2,86,1,5,4,5,4,5,5,4,4,5,3,5,1
"78",1,19,7,2,4,5,4,4,5,4,2,3,20,15,0,2600,0,1,41,5,3,3,49.4999666666668,2,86,1,5,5,5,5,5,5,4,5,6,5,5,7
"79",1,3,4,1,4,4,2,4,3,5,2,3,35,30,400,400,320,5,0,1,1,1,36.1666333333333,2,134,3,6,5,5,5,4,1,1,4,4,7,5,7
"80",1,22,2,2,4,4,2,1,4,4,1,1,20,2,400,388,55,4,10,3,3,3,26.1666333333333,2,86,1,3,3,3,2,4,4,1,4,3,7,8,5
"81",2,3,4,1,5,3,3,3,3,4,1,3,80,12,1000,600,1880,5,0,3,3,3,38.9999666666668,1,86,1,2,1,1,1,3,2,1,5,6,7,6,6
"82",1,18,2,2,1,1,1,2,1,1,1,3,15,8,0,545,400,5,0,1,5,5,22.4166333333333,2,86,1,3,1,1,1,3,4,1,1,4,7,5,4
"83",1,25,5,2,4,5,4,5,5,4,1,1,35,4,750,740,0,4,10,2,4,4,23.1666333333333,1,86,1,3,1,2,3,4,5,4,5,4,5,5,5
"84",1,18,6,2,4,4,2,3,4,4,1,1,10,0.5,400,0,375,4,0,2,2,2,27.4999666666668,2,86,1,3,1,1,1,3,1,1,3,4,2,7,6
"85",1,23,2,2,4,4,3,3,5,2,1,1,5,0.5,640,610,0,5,20,5,5,5,23.9166333333333,1,86,1,5,4,3,4,3,4,2,5,5,4,5,7
"86",1,13,2,2,5,4,4,4,5,5,2,5,30,25,0,0,480,5,0,3,5,5,23.8333,1,144,3,3,2,4,3,3,4,1,4,6,4,6,5
"87",1,24,3,2,4,3,3,4,5,5,1,5,45,30,450,0,450,3,0,3,5,5,21.6666333333333,1,145,5,5,3,5,5,4,5,4,4,2,3,5,1
"88",1,17,2,1,5,5,5,5,5,4,1,5,50,6.2,657.33,655,0,5,0,3,3,3,25.9999666666668,1,86,1,2,3,3,4,6,1,1,5,6,1,5,7
"89",1,18,4,2,4,4,3,4,4,4,1,3,25,4.2,1442,760,0,3,40,4,3,3,22.2499666666668,1,86,1,2,3,3,3,3,3,2,4,3,5,6,5
"90",1,18,4,2,4,2,3,2,4,4,1,1,20,21,752,755,0,5,0,2,2,2,21.4999666666668,2,86,1,4,4,4,4,4,2,2,4,4,4,6,5
"91",1,23,6,2,4,4,3,5,3,2,1,5,40,9,440,690,0,5,0,2,5,5,23.9166333333333,1,86,1,3,3,4,3,2,4,1,4,4,4,5,3
"92",2,22,3,1,5,4,5,2,5,4,1,5,30,8.3,0,1648,0,5,0,3,3,3,38.4999666666668,1,37,5,5,5,5,5,5,5,3,4,2,6,10,6
"93",1,18,3,2,2,2,3,2,2,3,2,3,60,25,0,1420,0,5,5.5,4,3,3,25.2499666666668,1,86,1,2,2,6,1,1,2,1,1,4,1,6,4
"94",1,3,4,2,2,2,2,1,1,3,2,1,10,1,400,100,777,2,0,3,3,3,25.5833,2,148,2,4,4,4,4,4,4,3,1,3,6,6,4
"95",1,23,3,1,5,5,5,5,5,5,2,3,45,3,193,660,1230,2,6,4,4,4,55.4166333333333,1,86,1,6,6,6,6,6,5,4,5,3,6,6,5
"96",1,24,4,2,4,4,2,4,4,4,2,2,20,6.4,400,110,230,4,0,3,4,4,28.7499666666668,2,86,1,4,4,4,3,4,4,4,4,3,3,5,1
"97",1,19,4,2,5,2,3,4,4,5,2,5,40,22.1,40,35,35,4,0,5,4,4,22.4999666666668,1,134,3,6,5,5,5,6,2,2,5,6,3,6,7
"98",1,22,2,2,2,1,1,2,2,4,1,2,25,5,1000,370,600,1,0,5,3,3,23.6666333333333,1,189,5,5,5,5,5,5,1,5,1,2,5,5,7
"99",1,23,7,2,2,1,1,4,4,5,1,2,20,4.5,450,270,420,3,30,4,4,4,24.0833,2,86,1,4,5,4,2,5,5,3,4,3,3,5,4
"100",2,4,3,2,5,4,4,4,5,4,2,3,20,6,1000,1660,0,1,30,4,2,2,38.5833,1,86,1,4,4,4,3,4,5,5,4,3,5,8,2
"101",1,24,2,2,4,2,3,5,3,4,2,5,15,3.9,530,0,980,2,22,5,3,3,24.0833,1,86,1,3,3,1,1,3,5,4,2,3,7,6,3
"102",1,2,8,2,3,4,4,3,4,1,1,3,15,6,300,0,1015,1,0,3,3,3,26.9166333333333,2,86,5,4,6,4,3,5,1,5,2,6,5,6,3
"103",1,23,4,2,4,2,3,4,4,4,1,1,10,1,350,640,0,3,16,3,3,3,27.3333,1,86,1,5,5,5,4,4,4,4,4,3,3,6,4
"104",1,19,3,2,4,4,2,4,4,4,2,5,35,18,250,250,50,2,0,3,3,3,22.0833,1,86,1,2,1,2,1,3,5,3,4,3,4,5,2
"105",1,25,4,2,5,5,5,5,5,5,1,1,15,2,2450,900,0,3,0,1,5,5,25.4999666666668,1,86,1,2,2,2,2,2,4,3,4,6,6,6,6
"106",1,24,7,1,4,2,2,4,3,3,1,1,25,21,0,660,0,4,6,1,5,5,24.3333,1,189,5,2,2,1,2,2,1,1,2,5,6,6,5
"107",1,18,4,2,4,4,4,3,4,4,2,1,35,4.4,290,170,0,2,0,3,3,3,22.0833,2,86,1,3,5,4,3,3,3,3,5,3,1,6,3
"108",1,22,3,2,2,2,2,1,2,2,2,1,37,21,500,350,120,2,8,5,5,5,24.5833,1,86,1,4,3,4,5,5,5,4,4,2,1,5,2
"109",1,18,4,1,4,4,3,3,3,4,1,3,25,20,800,950,0,2,40,3,3,3,25.7499666666668,2,86,1,6,5,5,5,4,4,3,4,4,5,5,3
"110",1,18,4,2,5,5,5,5,5,5,1,1,18,2,700,220,490,4,6,3,3,3,22.3333,1,86,1,5,4,4,4,4,2,2,5,3,3,6,5
"111",1,23,6,1,4,4,4,4,4,4,2,3,60,30,3000,200,0,3,0,3,3,3,28.4166333333333,1,86,1,5,4,4,3,4,5,2,4,3,4,5,4
"112",2,4,7,1,2,2,4,2,3,4,1,3,110,90,2300,1940,0,1,50,4,4,4,29.0833,2,86,1,5,4,4,3,4,4,4,2,6,3,8,6
"113",2,4,4,1,4,2,2,3,4,3,1,5,20,4,1850,1131,0,1,45,5,5,5,24.8333,2,86,1,4,4,5,3,4,3,4,4,3,5,5,3
"114",1,24,4,2,4,4,4,5,5,5,1,1,10,1.5,500,320,280,2,16,5,3,3,23.2499666666668,1,42,4,4,4,4,3,3,4,3,4,3,6,6,6
"115",2,3,2,2,4,5,4,2,3,4,1,3,40,15,2200,1660,0,1,45,3,3,3,23.0833,2,66,4,5,3,5,2,4,4,4,4,2,6,5,7
"116",1,24,8,2,3,4,2,3,4,2,2,2,20,5,200,195,0,4,0,4,4,4,24.7499666666668,1,86,1,5,5,5,3,5,5,4,4,3,4,5,4
"117",2,22,1,2,3,2,2,2,2,2,2,5,40,15,1600,650,0,2,10,4,4,4,44.0833,1,86,1,4,3,3,4,3,4,3,3,2,3,5,5
"118",1,24,8,2,4,4,3,3,5,4,1,2,6,1.3,200,200,400,3,0,3,3,3,21.9166333333333,2,86,1,4,5,3,2,4,2,2,4,4,1,5,1
"119",1,4,6,2,4,2,2,3,2,2,2,5,180,57.5,600,600,0,4,16,1,5,5,29.2499666666668,1,86,1,5,5,4,2,5,5,2,1,3,4,6,5
"120",1,18,2,1,4,4,4,4,4,4,1,5,150,200,400,920,1520,5,10,4,3,3,43.4166333333333,2,134,2,5,5,6,5,4,4,3,4,4,3,6,7
"121",2,16,2,1,4,4,4,4,4,4,2,1,60,5,200,30,0,5,40,3,3,3,29.9999666666668,2,130,4,1,1,1,1,3,1,1,2,3,1,5,7
"122",1,3,3,2,2,2,2,4,1,5,2,3,80,47,20,810,1000,5,16,5,1,1,22.5833,1,86,1,2,1,1,1,2,5,1,4,4,6,9,4
"123",2,18,7,1,4,4,4,4,2,4,2,3,20,4.8,3526,2702,0,3,31.2,4,3,3,49.7499666666668,2,189,1,2,2,3,2,3,4,2,4,3,6,3,3
"124",2,22,3,1,4,3,2,3,4,4,1,2,10,3.5,2800,2600,0,1,36.5,4,2,2,30.8333,1,70,4,2,2,2,2,2,5,5,4,4,6,4,1
"125",1,24,1,2,5,4,5,4,5,4,2,3,60,26,280,165,80,3,10,3,3,3,23.4999666666668,1,86,1,5,3,4,2,5,5,3,4,5,4,2,7
"126",1,23,4,1,4,2,4,2,2,4,2,3,15,15,500,0,500,3,16,2,3,3,23.8333,2,86,1,2,3,3,2,2,4,2,3,3,3,6,2
"127",1,19,2,1,5,5,5,4,5,4,2,5,60,35,200,200,0,5,20,3,3,3,29.3333,2,86,1,5,5,5,5,5,5,2,5,3,3,6,4
"128",2,19,4,1,5,4,3,3,3,4,1,1,10,1.6,3000,1890,0,2,60,5,3,3,29.0833,2,189,3,2,2,3,1,2,4,4,4,5,1,6,7
"129",1,24,3,1,4,4,4,4,5,4,1,1,35,3,800,750,0,3,0,3,3,3,24.5833,1,37,4,5,4,4,6,5,4,3,4,4,1,6,5
"130",2,21,1,1,4,4,4,5,5,4,2,3,10,2,1000,2150,0,2,40,3,3,3,34.2499666666668,2,86,1,5,5,5,5,5,5,3,5,5,2,5,1
"131",1,1,4,2,3,4,3,4,4,3,1,3,70,76,400,460,0,4,0,5,5,5,22.9166333333333,1,86,1,2,2,2,1,2,4,2,3,6,6,5,7
"132",1,4,4,1,5,2,3,4,5,3,1,1,30,2.5,1200,1150,50,3,17,3,3,3,24.9999666666668,2,86,1,5,4,5,2,5,4,3,4,3,5,5,3
"133",1,19,7,2,4,4,4,4,3,3,1,1,3,0.2,700,700,0,3,5,3,3,3,22.4166333333333,2,187,4,4,4,5,4,3,3,4,4,6,1,3,6
"134",1,1,4,1,5,5,3,4,5,5,1,5,5,3,900,820,0,4,15,5,4,4,28.2499666666668,2,189,2,2,2,4,2,5,4,2,4,2,4,6,6
"135",1,3,3,2,5,4,4,4,5,4,2,3,45,50,1050,250,730,3,12,3,3,3,23.7499666666668,1,86,1,5,5,5,4,5,4,3,5,3,2,5,2
"136",1,24,8,2,4,4,4,4,4,4,1,2,15,5,50,110,420,3,39,3,3,3,21.4166333333333,2,189,2,5,5,5,3,4,4,3,4,3,4,6,2
"137",1,18,10,2,2,1,1,2,2,1,1,2,15,3.5,0,970,50,3,0,3,3,3,23.6666333333333,2,86,1,3,4,4,4,3,4,4,2,5,2,5,1
"138",1,22,10,2,4,2,4,1,4,2,1,1,22,2.5,1000,914,0,5,0,3,5,5,22.6666333333333,1,190,4,5,2,2,3,4,4,2,2,2,6,6,3
"139",1,25,1,1,2,2,2,2,3,2,1,2,14,2.5,400,575,0,4,0,5,4,4,29.1666333333333,2,86,1,2,2,1,1,3,2,1,2,5,4,7,7
"140",2,4,7,1,4,4,4,5,4,5,2,5,70,40,3000,2300,0,2,32,3,3,3,44.4166333333333,2,86,1,5,4,4,4,5,5,4,5,3,4,4,1
"141",1,24,5,2,4,5,2,4,4,4,2,3,40,25,500,200,230,3,30,5,3,3,23.6666333333333,2,86,1,5,4,4,5,6,5,5,4,6,6,6,2
"142",1,19,2,2,4,3,2,3,4,5,1,3,10,3,1050,942,0,4,25,4,2,2,22.4166333333333,1,86,1,3,3,3,3,3,4,2,4,4,5,3,6
"143",1,22,2,1,5,3,3,2,5,1,1,5,60,8.7,1000,660,0,1,0,3,3,3,27.7499666666668,1,31,4,2,3,5,2,5,4,5,4,5,2,2,6
"144",1,24,3,2,5,5,3,5,5,5,2,2,140,24,330,160,105,4,2,3,1,1,23.2499666666668,2,86,1,5,3,5,2,5,4,3,5,4,2,4,3
"145",1,22,2,2,5,4,4,4,5,4,1,5,30,3.5,1130,1145,100,1,5,3,3,3,24.9166333333333,2,190,4,5,5,5,4,5,4,4,4,2,1,5,2
"146",2,24,2,2,3,4,4,3,2,4,2,5,75,13,3280,2220,0,1,0,3,3,3,55.9166333333333,1,86,1,5,2,1,1,6,3,4,2,2,5,6,7
"147",2,24,2,1,5,4,4,3,4,2,2,5,240,206,500,1170,0,4,0,4,3,3,52.9999666666668,2,86,1,3,3,3,3,5,4,2,4,6,4,5,7
"148",1,25,4,1,4,4,2,4,4,2,1,1,40,2.5,0,970,0,4,0,1,1,1,36.3333,1,190,5,5,4,3,3,4,4,2,4,3,5,3,1
"149",1,19,2,1,3,3,3,3,3,3,1,5,37,21,500,680,0,5,10,1,3,3,28.0833,2,86,1,3,2,2,2,1,4,1,3,3,3,6,5
"150",1,19,7,2,5,4,4,5,5,5,1,1,15,1,1000,710,0,1,0,3,4,4,24.6666333333333,2,119,5,5,5,5,2,2,4,4,4,6,3,5,6
"151",1,26,4,2,3,1,3,3,3,1,1,3,35,33,1320,1315,0,5,0,5,3,3,54.4166333333333,2,189,3,5,5,3,3,5,5,2,1,5,7,9,5
"152",1,22,6,2,5,4,5,5,5,5,1,2,20,1.6,500,530,950,3,15,4,4,4,22.9166333333333,1,86,1,4,4,3,4,4,4,3,4,3,1,5,2
"153",1,3,4,2,4,2,5,1,4,3,2,5,60,15,200,170,1132,3,1,2,3,3,23.1666333333333,1,86,1,2,2,1,2,2,5,4,4,5,6,5,7
"154",1,24,3,1,4,4,4,5,5,4,2,3,90,10,1300,1220,0,1,30,5,1,1,26.9999666666668,1,86,1,4,2,2,1,4,5,5,3,3,6,1,1
"155",1,24,9,1,4,2,4,4,4,2,1,1,20,1.56,0,810,0,3,0,5,5,5,27.2499666666668,1,37,4,4,3,4,3,5,4,4,4,6,7,6,7
"156",1,22,3,2,4,3,3,3,4,4,1,1,25,2,800,0,800,3,0,3,3,3,22.9999666666668,2,144,4,3,3,3,3,3,3,3,3,3,4,3,2
"157",1,19,2,2,2,2,3,4,4,4,1,1,11,1.4,400,0,980,4,2,5,5,5,24.4999666666668,1,86,1,2,3,3,4,3,4,3,3,4,5,1,2
"158",2,2,7,1,4,1,2,1,2,2,1,3,37,21,3000,1550,0,1,45,3,2,2,39.0833,1,183,2,2,1,1,2,2,4,4,2,6,7,5,7
"159",1,3,4,2,4,2,2,2,2,4,1,1,5,21,850,50,750,2,0,1,5,5,23.5833,1,66,4,2,2,1,1,2,4,2,4,4,7,3,7
"160",1,25,4,1,5,5,4,5,5,5,1,3,25,15,1000,1190,0,5,0,3,3,3,37.4166333333333,2,86,1,5,3,3,4,5,5,2,5,3,6,7,6
"161",1,24,4,2,4,4,4,3,4,4,1,1,20,2,1000,820,0,4,0,3,4,4,21.8333,2,42,4,4,5,5,4,4,3,2,4,5,5,4,7
"162",1,19,6,1,4,2,3,4,4,4,1,3,40,28.8,150,600,0,4,20,5,3,3,26.2499666666668,1,86,1,2,1,2,3,5,4,2,4,4,6,7,7
"163",1,25,8,2,5,5,4,4,4,4,1,2,5,2,1900,1850,0,1,45,2,3,3,35.4999666666668,2,86,1,3,3,2,1,6,5,5,4,4,1,5,4
"164",1,25,2,2,5,5,5,5,5,5,2,3,10,1.6,620,0,600,1,8,3,3,3,23.5833,1,86,1,6,6,6,4,6,5,5,5,3,1,5,7
"165",2,4,4,1,4,4,4,4,4,4,1,3,30,8,800,1505,0,3,60,5,3,3,49.7499666666668,2,86,1,4,4,3,3,3,5,2,4,4,4,5,2
"166",1,24,7,2,5,4,5,5,5,5,1,5,90,31.5,600,530,0,5,0,2,4,4,29.4999666666668,2,134,4,5,5,5,5,5,4,2,5,2,3,6,3
"167",1,24,4,1,4,5,4,5,4,5,1,5,45,8,0,0,550,3,0,2,2,2,25.9166333333333,2,82,4,4,5,5,5,5,4,2,4,6,4,6,6
"168",1,4,4,2,4,4,4,4,4,4,2,5,40,4.8,350,0,118,2,0,3,3,3,19.9166333333333,1,86,1,5,4,4,2,3,5,5,4,2,3,2,1
"169",2,19,1,2,3,4,3,5,5,4,1,3,30,19,2300,1730,0,3,40,5,1,1,28.4999666666668,1,86,1,5,4,5,2,5,5,3,4,6,2,6,1
"170",2,22,1,2,5,4,4,3,4,4,2,5,80,50,3200,2140,0,5,35,5,4,4,35.6666333333333,2,86,1,5,3,2,2,2,4,1,4,4,5,5,3
"171",1,22,6,2,5,5,4,4,5,5,1,2,10,2,350,350,400,3,2,4,4,4,22.6666333333333,2,189,5,5,5,4,4,6,5,4,4,2,3,4,1
"172",2,17,2,1,5,5,4,4,5,4,2,5,150,192,460,450,460,4,30,4,4,4,25.4166333333333,2,86,1,5,6,5,5,6,3,4,4,3,5,5,1
"173",1,25,2,1,5,4,5,5,5,5,1,2,1.6,21,300,0,820,5,0,5,5,5,28.4999666666668,1,189,4,5,4,5,1,5,4,1,5,3,1,5,2
"174",2,24,1,2,4,5,5,3,4,4,2,3,50,55,300,760,0,4,35,3,4,4,27.4999666666668,1,86,2,3,3,3,3,5,5,4,4,4,3,5,2
"175",1,18,7,1,4,4,3,4,4,4,1,1,15,1.5,1000,0,2000,4,3,3,4,4,23.9999666666668,2,86,1,3,3,4,2,2,4,4,4,4,6,5,1
"176",2,24,10,2,5,5,4,5,5,4,1,3,40,5,0,460,0,3,37.5,5,4,4,32.4166333333333,1,189,1,4,4,4,3,4,3,2,4,4,4,9,3
"177",1,24,7,1,3,3,4,4,3,3,1,5,30,8,500,450,0,5,15,3,1,1,30.8333,2,82,3,5,5,2,4,5,3,3,3,6,4,6,6
"178",1,22,2,1,4,4,5,4,5,5,1,5,25,5,1500,1450,0,1,30,5,1,1,36.6666333333333,2,86,1,5,5,5,4,5,4,4,5,4,3,7,4
"179",1,24,5,2,5,4,4,5,5,4,2,5,50,8,550,310,20,3,20,5,4,4,22.6666333333333,1,86,1,5,5,5,4,4,4,3,5,3,6,6,3
"180",1,26,4,2,3,4,4,3,3,3,2,3,15,8,650,600,0,4,0,3,3,3,47.1666333333333,2,86,1,3,4,4,4,2,4,3,2,2,3,5,6
"181",1,22,3,2,4,2,3,5,5,1,1,5,20,5,1175,980,400,4,20,4,4,4,24.4166333333333,1,86,1,5,4,4,4,5,4,3,5,4,4,7,4
"182",1,23,6,2,4,2,3,4,4,5,2,5,100,70,250,312,30,4,17.5,4,3,3,22.9999666666668,1,86,1,5,5,5,4,5,5,4,4,5,3,5,4
"183",1,24,10,1,4,2,3,2,3,4,2,5,150,21,1000,585,0,1,39,3,2,2,19.3333,1,86,1,2,5,2,2,2,5,5,3,4,4,6,7
"184",1,18,4,2,4,4,4,4,4,4,1,1,10,2,300,211,275,3,4,2,3,3,22.2499666666668,1,86,1,5,4,5,4,4,4,4,4,4,3,5,3
"185",1,19,2,1,4,4,3,4,4,5,1,3,5,3,800,750,0,5,20,3,4,4,29.7499666666668,2,86,1,2,5,4,2,5,2,1,4,5,3,1,5
"186",1,18,2,1,5,5,5,5,5,5,1,1,25,1.6,1500,1280,0,4,0,3,3,3,27.5833,1,190,4,5,3,4,4,5,4,2,4,6,1,4,2
"187",1,1,2,1,5,4,2,5,5,3,2,3,25,24,478,470,400,5,0,3,3,3,49.5833,1,86,2,3,3,2,3,5,5,1,5,5,6,9,6
"188",1,3,4,2,1,1,1,1,1,4,2,3,45,50,200,320,200,5,0,3,3,3,24.9166333333333,1,86,1,2,2,1,2,4,5,1,1,4,6,2,3
"189",2,12,1,1,1,3,1,1,1,5,1,3,10,4,200,1040,0,3,0,3,4,4,47.6666333333333,1,86,1,3,4,2,4,4,5,2,2,3,3,4,7
"190",2,3,4,1,5,5,3,4,5,3,1,3,15,4.8,0,1890,0,5,0,4,3,3,31.0833,2,189,4,4,4,4,4,4,1,1,4,6,4,7,5
"191",1,24,8,2,4,5,2,4,5,4,2,3,50,20,90,135,20,4,0,2,5,5,22.4999666666668,1,86,1,2,2,2,2,4,3,1,4,4,4,5,7
"192",1,26,4,1,4,3,2,2,5,5,2,3,35,14,200,170,35,5,30,5,1,1,34.0833,2,86,1,4,4,4,4,4,4,2,5,6,2,6,3
"193",2,24,11,1,4,4,3,4,4,2,2,3,20,6,3000,2000,0,1,40,3,3,3,60.6666333333333,2,86,1,5,5,5,5,5,5,4,4,2,3,5,1
"194",2,23,10,1,5,4,4,4,5,5,2,3,50,42,100,1820,0,4,40,5,3,3,31.1666333333333,1,86,1,4,3,3,3,3,4,1,4,5,3,7,3
"195",2,24,6,2,4,2,3,3,4,2,1,1,20,1,2150,1441,0,3,38,3,3,3,25.9999666666668,1,86,1,5,4,4,3,4,4,3,4,4,1,5,6
"196",1,24,14,2,4,4,3,2,2,3,2,3,40,12,400,190,370,3,10,5,3,3,23.1666333333333,1,86,2,3,2,2,1,3,4,2,2,5,5,6,7
"197",1,22,10,2,5,5,4,4,5,4,1,1,40,3,500,460,400,4,5,4,3,3,23.3333,1,86,1,5,5,4,3,4,4,3,4,3,5,4,4
"198",2,24,3,1,5,5,5,3,5,4,2,5,75,30,600,600,0,3,20,4,3,3,54.8333,1,86,1,5,5,5,4,5,5,4,5,3,1,6,4
"199",1,24,4,2,5,5,3,5,5,5,1,1,10,0.5,750,710,400,2,13,3,3,3,22.9999666666668,2,86,1,5,5,3,4,3,4,4,5,3,2,3,1
"200",1,22,4,2,4,2,4,1,3,2,1,1,20,2.5,600,0,1755,3,0,4,4,4,23.7499666666668,2,189,1,2,2,4,2,4,4,2,4,4,3,2,1
"201",1,18,3,2,4,4,2,4,4,4,1,1,30,3,780,610,120,5,0,3,4,4,24.5833,2,86,1,5,3,5,3,4,2,1,4,4,4,7,5
"202",2,21,1,2,5,4,5,4,5,4,1,3,15,11,3200,2090,0,2,40,4,4,4,27.1666333333333,1,86,1,4,3,4,2,4,4,3,3,4,3,5,3
"203",2,23,10,1,4,4,3,5,5,4,2,3,35,17,3000,3000,0,2,40,4,3,3,55.9166333333333,2,86,1,3,3,2,2,2,5,3,4,6,6,7,1
"204",1,3,4,1,3,2,4,3,3,5,1,1,30,21,300,65,330,3,0,3,3,3,30.2499666666668,2,86,1,4,3,4,4,5,4,3,2,5,3,4,7
"205",2,12,1,1,1,1,1,1,1,2,1,3,40,25,814,780,0,5,0,4,3,3,33.9999666666668,1,189,2,2,2,1,1,2,4,2,1,5,5,5,5
"206",1,18,4,1,4,5,5,3,4,4,1,3,10,3,1200,1200,0,4,0,3,5,5,40.4166333333333,1,189,4,6,5,5,4,6,4,3,4,2,2,8,4
"207",1,19,3,2,4,4,3,4,4,3,1,1,20,0.75,550,650,0,3,13,4,3,3,21.4999666666668,1,86,1,3,3,3,3,3,3,4,4,4,4,6,5
"208",1,18,5,2,5,4,4,4,5,4,1,1,15,1,830,270,610,5,12,3,3,3,23.5833,1,86,1,5,5,4,2,2,5,1,4,3,3,10,6
"209",2,24,2,1,4,4,4,4,3,4,1,5,120,75,1500,1040,0,5,40,1,1,1,40.2499666666668,2,86,1,2,2,3,3,3,4,2,3,2,4,6,3
"210",1,22,6,2,5,5,5,5,5,5,1,1,30,2.6,1600,1615,0,3,20,3,3,3,22.9166333333333,1,190,4,5,5,5,4,5,5,3,5,3,5,6,6
"211",1,17,2,1,5,5,5,3,5,4,2,5,60,21,640,259.6,0,5,0,3,3,3,52.8333,1,86,1,3,3,3,3,3,3,2,5,2,2,6,6
"212",1,23,7,2,3,3,1,3,3,5,1,5,30,4,800,785,0,4,28.5,4,2,2,24.2499666666668,2,86,1,4,5,4,2,3,5,2,3,3,3,5,4
"213",1,22,3,1,4,4,4,3,2,4,1,1,30,1.6,1117,940,0,1,0,3,3,3,24.4166333333333,1,189,4,5,3,3,2,5,5,5,5,2,7,5,2
"214",2,18,10,2,4,4,4,5,5,4,2,3,60,80,1200,430,0,3,40,5,3,3,26.9166333333333,1,86,2,5,5,5,4,4,5,5,5,3,3,6,7
"215",1,24,2,1,4,5,4,4,4,4,2,5,17,5.8,450,441,200,4,9,3,4,4,32.2499666666668,1,86,1,2,2,2,1,2,2,2,5,3,2,5,6
"216",2,24,3,1,5,4,5,4,5,5,2,3,30,6,790,2810,0,4,4,2,4,4,43.6666333333333,1,86,1,5,4,4,4,5,5,4,4,6,1,6,5
"217",1,26,8,1,4,4,2,4,4,4,1,3,15,10,875,805,0,5,0,3,4,4,25.2499666666668,2,86,2,4,3,3,3,4,4,1,4,4,3,6,4
"218",2,8,7,1,4,4,4,4,4,4,1,3,120,80,400,590,0,4,0,3,3,3,33.4999666666668,2,86,1,3,4,3,1,3,4,2,4,4,6,4,4
"219",1,18,4,2,3,2,3,4,4,4,2,3,15,7,100,100,0,2,0,2,5,5,22.1666333333333,2,86,1,5,3,5,2,4,5,4,4,3,1,5,7
"220",1,18,2,2,5,5,5,5,5,5,1,1,15,2,500,0,704.5,4,0,3,3,3,24.6666333333333,1,86,1,5,5,5,5,5,4,2,4,4,3,5,2
"221",2,4,4,1,4,5,4,4,5,3,2,3,50,32,0,2690,0,1,0,3,3,3,45.1666333333333,2,86,1,4,4,4,3,3,5,4,4,1,5,5,2
"222",1,26,8,2,4,3,3,2,4,4,2,3,50,50,900,900,0,4,16,5,4,4,22.4999666666668,2,86,1,3,2,3,1,4,4,2,4,5,6,5,5
"223",1,24,3,2,4,2,3,3,4,5,1,5,30,21,3130,0,3000,1,0,4,4,4,36.4999666666668,1,190,5,5,3,2,2,5,5,3,4,3,7,2,1
"224",1,3,2,2,4,4,2,5,5,3,1,3,60,25,400,400,675,4,2,3,5,5,28.4999666666668,1,70,4,1,5,1,1,5,4,2,4,3,5,3,3
"225",2,22,10,2,4,5,3,5,5,5,1,5,100,95,1200,1155,0,3,8,5,2,2,28.4166333333333,1,86,1,2,2,1,1,2,5,3,5,6,7,7,6
"226",1,24,11,1,4,5,5,5,4,3,1,1,20,1,750,0,1220,3,0,4,4,4,24.4166333333333,1,178,4,4,4,4,3,3,4,5,5,6,6,3,1
"227",1,19,3,1,5,5,5,4,5,5,1,3,45,40,433,430,80,5,15,5,1,1,26.1666333333333,1,86,1,2,1,3,1,2,1,1,5,4,6,8,5
"228",1,24,7,2,4,3,2,4,4,3,2,1,50,4,100,10,210,2,0,3,3,3,24.5833,2,86,1,4,4,2,3,3,4,3,4,4,5,3,7
"229",1,18,4,2,2,2,2,4,2,2,1,1,20,1.6,800,680,0,4,10,3,3,3,23.0833,1,86,1,3,3,3,1,3,4,4,4,3,7,6,7
"230",1,22,7,1,4,3,3,3,5,5,2,5,45,4,280,2530,0,2,6,4,3,3,37.0833,2,86,1,4,4,4,2,5,4,4,4,2,2,6,1
"231",2,9,4,1,4,4,4,4,4,4,2,3,30,20,2500,2100,0,3,60,3,3,3,49.4166333333333,2,166,2,5,5,5,5,5,4,4,4,5,6,5,3
"232",1,19,2,1,4,4,4,4,4,4,2,5,60,25,400,0,480,3,0,3,3,3,61.2499666666668,1,29,2,5,5,3,3,5,5,3,5,4,5,6,5
"233",1,12,6,1,4,2,2,4,4,2,1,3,20,10,1315,1295,0,5,0,2,5,5,35.5833,1,86,2,5,3,4,3,5,4,2,4,5,1,5,3
"234",1,24,2,2,3,4,3,4,4,5,2,5,95,40,240,240,200,3,0,3,3,3,22.6666333333333,1,86,1,5,4,3,3,4,5,2,4,4,4,5,3
"235",2,22,10,2,4,4,3,4,4,4,1,5,20,7,1200,2270,0,3,39,5,3,3,27.4166333333333,1,86,1,5,5,3,3,3,4,2,3,3,6,2,2
"236",2,4,7,1,4,4,4,5,4,3,2,5,120,70,200,450,0,2,0,3,4,4,30.9999666666668,2,86,1,4,4,3,3,4,5,4,4,4,3,6,5
"237",1,22,2,2,5,5,3,5,5,4,1,1,20,1,1300,1040,0,5,35,5,1,1,24.1666333333333,1,86,1,5,4,4,2,5,5,2,5,3,3,5,3
"238",2,22,3,2,4,4,4,4,4,4,2,5,10,3,875,887.5,0,5,9,3,5,5,45.4166333333333,1,131,2,5,5,5,5,5,4,2,4,3,3,6,5
"239",2,2,2,1,4,4,5,3,4,2,2,3,90,100,182,700,0,5,40,3,3,3,44.6666333333333,1,86,1,5,5,3,3,5,4,2,4,5,6,6,6
"240",1,24,3,2,4,5,5,4,5,5,2,5,30,8.4,100,0,685,4,0,3,3,3,23.0833,1,189,2,2,2,2,4,2,5,2,5,6,1,6,5
"241",2,2,1,2,4,4,3,3,4,3,2,3,50,30,2500,2480,0,2,0,5,1,1,42.7499666666668,1,86,1,4,2,2,2,2,4,4,4,2,6,4,2
"242",1,3,4,2,4,4,3,3,5,4,1,3,10,3.3,1500,1145,0,1,0,4,3,3,24.4166333333333,2,42,3,5,5,3,4,3,4,4,4,5,3,5,5
"243",1,22,8,2,4,4,4,3,4,4,2,5,60,12,250,50,210,2,0,3,1,1,23.6666333333333,1,86,1,3,3,3,4,3,4,2,4,5,7,3,2
"244",2,22,1,1,5,5,5,3,5,2,2,3,80,80,0,1660,0,1,35,4,3,3,32.4166333333333,2,86,1,5,5,5,3,5,5,5,5,3,2,5,4
"245",1,24,7,2,5,4,3,4,5,4,2,1,40,3,546,370,96,1,8,3,3,3,23.9999666666668,1,86,1,5,4,3,2,2,5,5,5,5,1,5,7
"246",1,4,6,1,5,5,3,5,5,5,1,1,45,4,1000,911,0,1,0,3,3,3,28.1666333333333,1,148,4,5,4,5,6,6,5,4,5,5,3,5,7
"247",2,24,4,2,4,4,4,5,5,5,2,3,35,22,3000,2720,0,3,0,5,2,2,35.5833,2,86,1,2,2,2,1,2,4,2,5,2,6,6,7
"248",1,18,3,2,1,4,2,3,1,4,1,1,20,1.6,0,820,0,2,0,5,3,3,22.9999666666668,1,190,4,2,2,1,1,2,4,4,2,4,7,5,7
"249",1,24,5,2,4,4,5,5,4,2,1,5,70,8.7,100,20,500,4,0,3,3,3,22.8333,1,86,1,4,3,3,3,5,4,2,4,4,7,5,7
"250",2,19,8,1,4,4,5,5,4,5,2,1,20,1,1280,880,1000,2,0,5,5,5,31.2499666666668,1,107,3,5,4,4,3,5,3,2,5,5,1,4,4
"251",1,25,3,2,4,4,4,4,4,4,1,5,20,4,480,500,300,4,14,5,2,2,22.9999666666668,1,86,1,2,2,1,1,1,5,1,4,5,6,6,6
"252",1,23,7,2,5,5,3,5,5,5,1,1,25,3,200,870,0,2,0,3,3,3,28.1666333333333,2,86,1,5,4,4,4,5,4,3,5,3,3,1,3
"253",1,4,13,2,4,3,3,3,4,3,2,5,90,31,400,400,0,3,8,2,4,4,25.3333,1,86,1,4,5,5,5,5,2,2,4,4,3,6,5
"254",2,9,4,1,4,4,4,4,4,4,1,3,10,10,800,1280,0,3,30,4,2,2,38.3333,1,86,1,5,5,5,5,5,5,2,4,4,2,5,7
"255",1,22,7,2,2,4,2,5,5,4,1,1,42,3.4,500,485,0,4,0,3,3,3,24.9166333333333,1,31,4,2,2,1,3,3,3,1,4,6,4,3,6
"256",1,23,4,2,3,2,5,3,3,5,1,1,5,1,1000,625,300,3,0,4,3,3,24.1666333333333,2,189,1,5,5,3,3,4,4,3,4,2,2,5,3
"257",2,4,4,1,5,5,4,5,5,5,1,3,40,21,1000,1320,0,5,15,3,3,3,34.0833,1,31,3,5,3,5,5,5,1,1,4,6,6,6,6
"258",1,18,7,2,4,4,2,5,5,5,1,1,10,0.5,700,600,0,3,7.5,3,3,3,22.5833,1,52,2,5,3,2,2,5,5,4,5,5,4,5,2
"259",1,24,7,2,4,2,4,4,4,5,1,2,25,10,850,0,850,4,0,2,4,4,23.0833,2,86,2,5,5,4,4,4,4,2,4,3,5,5,3
"260",1,3,3,1,4,2,4,4,4,5,1,5,30,21,1000,950,0,3,0,5,5,5,28.4999666666668,1,88,4,2,3,3,3,5,4,2,4,2,3,6,2
"261",1,19,5,2,4,4,2,1,4,4,1,1,20,1.7,190,110,262,3,17,3,3,3,21.9999666666668,1,86,1,2,2,2,3,2,2,4,5,3,5,6,3
"262",1,24,2,2,4,4,4,5,5,4,1,5,25,4,800,200,600,2,0,5,3,3,24.0833,1,70,4,5,4,2,1,5,3,4,5,3,3,5,3
"263",1,24,3,1,5,5,5,5,5,5,2,3,37,21,380,620,0,5,0,4,4,4,46.3333,2,86,1,4,4,4,4,4,3,1,5,4,5,8,6
"264",1,3,4,2,4,2,4,2,1,4,2,5,60,12.1,250,0,210,4,0,2,5,5,22.5833,2,86,1,4,4,4,3,2,5,1,4,3,1,5,3
"265",1,23,4,2,5,5,5,5,5,5,2,5,30,5,200,200,140,3,0,3,5,5,29.2499666666668,1,86,1,2,2,2,5,2,5,2,5,5,1,4,3
"266",1,24,7,1,4,4,4,5,5,5,1,1,40,3.2,2700,2242,0,2,0,1,1,1,26.8333,1,156,4,5,3,5,3,5,4,4,4,6,2,1,7
"267",1,24,3,2,4,4,4,4,4,4,2,3,50,20,900,2570,0,5,0,5,5,5,36.4999666666668,2,86,1,2,2,2,2,2,4,2,4,6,2,10,6
"268",1,25,7,1,5,5,2,5,5,5,2,3,15,4,20,610,0,5,35,5,1,1,36.2499666666668,2,86,1,2,2,1,1,2,5,1,5,5,6,5,2
"269",1,24,10,2,5,4,4,4,5,5,1,5,15,6.4,650,621.5,600,3,0,3,3,3,26.1666333333333,2,134,5,5,4,5,4,4,4,4,5,3,2,5,3
"270",1,18,2,2,2,2,4,1,3,4,1,1,20,3,150,0,455,4,10,3,3,3,22.2499666666668,2,86,1,3,3,2,1,3,4,3,2,6,4,4,3
"271",1,9,4,1,3,2,2,2,3,4,1,3,8,2,1500,1660,0,3,39,3,3,3,49.7499666666668,2,86,1,5,4,3,3,4,4,3,4,5,4,5,4
"272",2,24,2,1,3,2,4,4,3,5,1,3,15,3,1340,2906,0,4,26,4,3,3,37.9166333333333,1,86,1,2,2,1,1,1,4,2,4,3,5,6,3
"273",1,26,4,1,3,2,2,3,3,4,1,3,0.2,3.2,85,1195,0,5,0,3,3,3,43.5833,1,134,2,4,4,2,3,3,1,3,3,6,6,9,6
"274",1,24,2,1,5,5,4,5,5,4,1,5,20,1.5,500,0,1250,4,0,5,3,3,29.7499666666668,1,82,4,4,4,4,4,4,4,2,5,4,2,5,7
"275",1,2,2,1,4,4,3,3,4,4,1,3,20,5,400,0,515,4,1,3,2,2,38.8333,1,86,1,4,2,2,2,5,2,1,4,3,4,5,2
"276",1,24,3,2,5,5,4,4,5,5,2,5,55,19,260,20,1021,3,0,3,3,3,23.3333,2,86,1,5,5,5,5,5,5,3,5,4,2,6,7
"277",1,1,4,2,3,3,3,2,4,2,2,3,15,5,280,280,0,4,8,4,1,1,23.1666333333333,1,86,1,3,2,3,1,4,5,4,4,5,6,5,5
"278",1,18,2,1,4,5,4,3,4,4,1,1,12,1.6,660,590,0,4,2,3,4,4,27.5833,1,86,1,4,4,4,2,5,5,2,5,2,5,5,7
"279",1,24,4,1,4,4,4,4,4,4,1,5,5,1.6,400,710,0,5,0,3,3,3,28.2499666666668,1,190,4,5,4,5,4,5,3,2,4,4,3,5,1
"280",1,25,10,2,4,4,3,3,4,2,1,3,15,15,0,870,0,4,0,3,3,3,28.7499666666668,1,86,1,3,1,2,2,5,5,1,4,5,6,5,4
"281",2,26,1,1,4,3,3,4,5,4,2,3,45,20,930,200,0,4,0,3,3,3,55.5833,1,86,1,3,2,4,2,4,3,2,4,2,3,6,5
"282",2,3,8,2,3,4,4,5,3,4,1,3,30,30,3000,1264,0,1,43,5,5,5,30.4166333333333,2,86,1,5,5,3,4,5,5,5,4,4,7,5,5
"283",1,24,3,2,4,4,1,4,4,4,2,3,15,16,60,70,350,5,0,3,3,3,21.6666333333333,1,189,1,5,4,4,2,5,5,1,2,5,3,6,6
"284",1,24,11,2,4,3,4,2,5,5,1,5,10,2,520,400,660,3,8,3,4,4,21.7499666666668,2,86,1,5,5,3,3,4,4,3,4,2,4,6,4
"285",1,4,13,1,4,4,3,3,5,4,2,5,150,140,600,2245,0,4,35,3,3,3,33.9166333333333,2,86,1,5,5,3,2,3,5,3,4,6,5,8,6
"286",1,24,6,2,5,4,4,4,4,3,1,5,30,5,600,410,400,5,0,3,4,4,23.4999666666668,1,86,1,2,2,2,1,2,4,1,4,4,5,3,2
"287",2,22,1,1,4,5,4,4,5,5,1,5,30,4,2300,1455,0,1,40,3,3,3,32.9166333333333,1,86,1,5,5,5,4,6,5,5,5,2,2,4,4
"288",1,26,4,2,4,4,2,4,4,2,2,3,20,15,89,480,105,4,12,4,5,5,23.0833,1,86,2,5,4,4,3,4,5,2,3,3,4,5,7
"289",1,17,1,1,4,4,4,5,5,2,2,5,100,81.5,1078,930,160,5,7,3,4,4,32.0833,1,86,1,5,3,4,2,5,4,1,4,4,6,2,4
"290",1,24,8,2,3,3,4,3,2,3,2,5,100,30,1750,225,125,3,42,4,4,4,21.6666333333333,2,86,1,2,2,2,4,3,3,4,4,3,3,4,2
"291",1,24,6,2,4,4,2,2,2,1,2,5,90,25,800,570,300,4,20,5,1,1,23.2499666666668,1,86,1,3,1,3,1,2,1,2,4,3,5,6,4
"292",1,23,3,1,4,1,1,3,5,5,1,3,35,20,2000,1920,0,4,0,2,3,3,36.4999666666668,1,86,1,2,5,3,5,2,4,4,2,4,3,3,7
"293",1,2,7,1,5,3,5,5,5,4,1,1,5,0.5,650,650,0,3,0,3,3,3,24.4166333333333,2,51,4,5,4,5,2,5,5,4,5,3,3,4,4
"294",1,19,6,2,4,2,4,4,4,4,2,3,8,1.9,312,85,250,3,6,5,2,2,23.5833,1,86,2,2,3,3,2,2,5,4,5,6,6,6,7
"295",1,3,4,2,4,4,3,3,5,2,1,1,15,0.5,350,350,130,4,0,3,5,5,21.9999666666668,1,86,1,2,2,4,3,4,2,2,5,4,3,5,4
"296",1,24,4,2,4,4,2,5,4,3,2,5,90,20,0,200,0,5,0,3,3,3,24.7499666666668,2,86,1,2,2,5,2,3,5,1,4,4,1,6,4
"297",2,4,8,1,4,4,4,4,5,5,2,5,35,4,60,0,720,1,0,3,3,3,40.9166333333333,1,88,3,5,4,4,4,6,5,4,4,5,5,6,4
"298",1,24,4,1,3,2,1,3,3,3,1,3,20,3.5,80,0,540,5,10,5,5,5,29.9999666666668,2,86,1,1,1,1,1,1,1,1,2,3,5,5,7
"299",1,22,3,1,5,5,5,5,5,5,1,3,20,2,80,520,0,4,16,5,5,5,31.3333,1,86,1,4,4,4,4,4,4,2,4,3,4,5,3
"300",2,24,2,2,4,5,4,4,5,4,1,1,35,4,350,150,840,2,0,3,3,3,22.1666333333333,1,86,1,5,5,5,5,5,5,5,5,3,2,5,2
"301",1,24,1,1,2,2,3,4,5,2,2,3,53,78.3,791,2069,530,4,7,2,4,4,27.4999666666668,1,86,1,3,2,3,2,4,5,1,1,3,5,6,2
"302",1,24,3,2,4,4,3,2,5,4,1,1,15,1.5,960,950,0,3,18,3,4,4,23.4166333333333,1,86,1,4,4,2,4,2,5,3,4,3,6,6,4
"303",2,22,10,1,5,4,4,5,5,5,1,3,60,52,2200,1368,0,3,37.5,5,3,3,26.7499666666668,1,86,1,2,2,2,1,2,5,4,4,4,3,5,3
"304",1,3,2,2,4,4,1,5,4,3,1,5,30,10,1180,1060,0,2,0,3,3,3,23.4999666666668,1,70,4,4,3,2,2,2,5,4,1,6,6,6,5
"305",2,26,8,1,4,4,3,2,4,4,2,5,85,70,1750,1852,0,3,1,5,5,5,54.2499666666668,2,189,5,2,2,2,2,2,3,3,4,6,6,8,5
"306",1,1,7,2,4,2,3,4,1,4,1,1,5,0.7,800,485,250,2,0,1,5,5,23.5833,2,86,5,2,5,1,1,2,4,2,4,5,7,2,3
"307",2,19,2,1,4,2,2,3,4,5,1,1,10,1.5,1600,1330,0,4,38,2,2,2,34.9999666666668,1,144,3,4,4,4,2,4,4,3,4,3,2,6,7
"308",1,19,4,2,5,4,3,5,5,4,2,5,56,87,0,0,271,3,0,3,3,3,21.9999666666668,2,86,1,4,4,4,1,2,5,2,5,6,1,4,5
"309",1,23,6,2,4,2,2,4,5,2,1,2,8,1.6,230,0,840,4,0,3,3,3,21.8333,1,86,1,3,3,4,4,1,5,1,4,4,3,6,5
"310",1,18,6,2,4,4,3,3,4,4,1,5,37,21,1200,824,200,3,20,3,3,3,25.4166333333333,1,86,1,3,3,2,2,3,3,2,3,3,6,5,3
"311",2,21,1,2,5,5,4,4,5,2,2,3,40,37,880,710,2000,3,0,5,3,3,32.5833,1,86,1,6,6,4,3,5,5,4,4,4,2,5,2
"312",2,11,7,1,4,3,3,2,5,5,1,3,30,10,1000,280,0,4,0,3,3,3,32.9999666666668,2,86,1,5,4,5,4,3,5,3,4,4,2,6,4
"313",2,26,4,1,1,1,2,4,1,2,1,5,35,20,720,700,0,4,0,4,5,5,48.9999666666668,1,82,3,2,2,3,1,2,4,3,1,2,6,5,7
"314",1,22,4,2,5,3,4,4,4,5,2,5,30,12,500,0,1930,3,0,3,3,3,22.9166333333333,2,86,1,5,4,4,4,5,5,3,5,2,4,2,1
"315",1,18,4,1,5,3,2,5,5,5,1,3,65,80,0,850,0,5,0,3,3,3,29.1666333333333,1,51,3,5,4,4,3,4,4,1,4,4,4,5,5
"316",1,23,4,1,4,4,3,4,4,3,2,5,90,90,400,400,0,5,0,3,3,3,35.7499666666668,1,86,1,5,5,4,4,4,4,3,4,3,4,6,5
"317",1,25,4,2,5,4,2,4,5,5,1,2,10,21,500,480,0,5,0,4,3,3,21.9999666666668,2,134,4,5,5,4,4,5,4,3,5,5,6,3,5
"318",1,19,2,1,5,4,4,5,5,5,2,3,60,57,450,110,900,4,16,5,3,3,24.2499666666668,1,86,1,5,5,5,5,5,2,1,4,4,3,7,4
"319",1,24,2,2,4,4,3,3,4,1,2,5,45,9,850,450,470,3,0,3,4,4,23.9999666666668,2,86,1,1,1,1,1,3,3,3,4,3,3,5,2
"320",2,18,6,1,4,4,3,2,4,4,2,3,37,21,0,1660,0,3,34,3,3,3,33.4999666666668,1,86,1,5,5,3,3,3,4,4,4,4,4,6,1
"321",1,18,3,1,4,3,3,4,4,5,1,3,90,75,1938,1930,0,5,0,2,5,5,30.9999666666668,1,86,1,4,2,4,2,4,4,1,4,5,1,6,4
"322",1,13,7,1,3,3,3,3,2,3,2,3,60,70,0,440,0,3,0,3,5,5,33.2499666666668,2,86,1,2,2,2,2,2,1,3,2,5,5,5,7
"323",1,22,2,2,4,2,1,4,4,5,1,1,10,0.8,1130,765,350,3,10,3,3,3,24.0833,2,86,1,5,4,5,3,5,4,4,4,2,6,5,7
"324",1,18,6,1,4,1,2,3,2,2,1,3,45,48,2500,1081,0,1,36,3,3,3,26.2499666666668,2,86,1,6,2,4,1,5,4,5,4,4,7,1,1
"325",1,2,4,2,5,5,5,3,5,2,1,2,40,10,1500,1193,0,4,40,5,5,5,23.3333,2,189,2,4,2,5,2,6,1,1,5,4,1,10,6
"326",1,3,2,2,5,5,4,5,5,4,1,5,60,30,2400,2315,0,2,0,5,3,3,35.4166333333333,1,86,1,2,2,1,1,2,1,4,5,5,7,7,4
"327",1,24,2,1,4,5,3,5,4,3,1,2,20,2,450,553,370,2,0,3,3,3,25.4999666666668,1,86,1,3,2,3,4,5,4,4,4,3,4,4,2
"328",1,18,3,2,4,4,3,4,4,4,2,5,90,32,750,520,0,3,15,4,2,2,23.8333,1,86,2,4,4,3,3,3,3,2,4,3,4,8,5
"329",2,20,10,2,4,4,4,4,4,4,1,1,20,3,160,605,0,4,39,4,4,4,25.6666333333333,1,86,1,4,5,4,2,5,2,1,3,5,3,3,3
"330",1,22,2,2,4,4,3,5,4,4,1,1,20,1.8,400,188,424,3,1,3,3,3,22.9166333333333,1,66,4,4,4,3,1,2,4,3,5,6,6,3,3
"331",1,25,3,1,4,4,4,4,5,4,1,2,45,6,1000,1000,0,4,0,3,3,3,38.4166333333333,2,189,4,3,3,3,3,4,4,1,5,3,1,6,6
"332",2,3,8,1,4,4,5,4,3,5,1,3,37,21,2400,945,0,1,43,5,1,1,29.1666333333333,2,86,1,6,4,1,1,1,4,4,4,5,7,3,4
"333",2,18,7,1,5,4,4,4,4,5,2,3,20,12,200,0,600,5,0,3,3,3,35.2499666666668,1,86,2,5,4,4,3,4,5,2,4,5,1,6,6
"334",1,23,10,2,2,2,2,2,2,4,1,1,7,0.5,200,370,0,5,20,5,1,1,23.4999666666668,1,189,1,2,2,2,2,2,4,1,3,4,4,6,6
"335",1,24,4,2,3,2,2,2,2,3,1,5,15,6,400,0,400,2,0,3,4,4,23.7499666666668,1,37,5,2,2,2,2,2,4,3,3,2,3,7,7
"336",1,23,10,1,4,2,3,4,4,5,1,3,60,48,80,1170,0,3,24,2,4,4,39.8333,1,189,2,5,4,3,3,2,5,4,4,6,6,10,6
"337",1,1,4,2,3,3,2,3,4,4,2,3,35,28,375,286,195,4,14,4,3,3,22.2499666666668,2,86,1,4,3,3,2,3,5,2,4,4,6,4,3
"338",1,22,2,2,2,2,1,1,4,5,2,5,50,15,1200,1110,0,5,36,5,1,1,23.8333,1,86,1,2,1,2,1,3,3,1,4,5,1,5,4
"339",1,3,4,1,5,4,4,4,5,5,2,3,12,10.9,400,290,0,4,0,3,3,3,40.3333,1,134,4,5,4,4,3,3,4,3,5,6,6,2,7
"340",1,12,10,2,4,4,4,4,5,5,1,3,10,1.75,600,600,0,5,10,4,3,3,25.0833,1,86,1,4,4,4,4,4,5,2,4,2,6,6,6
"341",1,19,7,1,4,4,2,4,4,4,2,3,35,35,0,1340,0,1,40,5,3,3,48.9999666666668,2,86,1,4,3,2,2,2,5,4,3,4,6,6,1
"342",1,18,4,2,4,4,4,4,4,4,1,2,5,1,700,0,700,4,0,4,4,4,23.0833,2,86,1,2,2,2,2,2,1,2,3,4,2,7,4
"343",2,24,4,1,4,5,2,5,4,5,1,3,5,5,0,2200,0,2,50,5,3,3,33.7499666666668,2,86,1,5,5,3,1,3,5,4,5,3,6,5,1
"344",1,18,8,2,4,4,4,3,4,5,1,1,30,3,450,230,380,4,16,3,2,2,23.1666333333333,1,86,2,5,4,4,1,3,4,2,4,4,4,6,4
"345",1,2,4,2,3,4,4,3,4,4,1,1,10,0.4,450,280,750,3,14,4,3,3,22.8333,1,86,1,4,3,2,1,3,4,3,4,3,7,3,7
"346",2,23,1,2,5,5,4,4,5,5,2,3,60,70,600,2620,0,3,22,4,3,3,34.9166333333333,2,86,1,6,6,6,5,6,5,3,5,3,3,1,2
"347",1,24,13,2,4,4,4,4,5,4,1,5,10,0.5,1000,0,1380,3,0,3,5,5,22.6666333333333,1,42,4,5,4,4,5,5,4,3,5,3,5,6,7
"348",1,23,5,2,3,3,2,5,4,5,1,5,60,50,500,500,0,4,36,5,3,3,24.6666333333333,1,190,1,4,4,3,3,4,4,3,4,5,4,6,5
"349",2,26,7,1,5,4,4,4,5,4,2,3,20,15,2320,2290,0,3,0,3,3,3,35.2499666666668,2,86,1,6,5,5,4,5,5,2,5,3,4,5,4
"350",1,18,2,1,5,4,4,3,4,5,2,3,30,25,40,920,0,5,0,3,3,3,61.4166333333333,1,86,1,5,5,4,5,5,4,1,5,3,1,5,5
"351",1,22,6,2,5,4,3,4,5,4,2,5,55,21,650,140,0,2,0,5,5,5,24.1666333333333,2,86,1,5,5,5,2,4,4,5,5,3,1,6,2
"352",1,24,7,2,4,4,3,3,4,5,2,5,35,9.9,130,0,272,3,0,3,3,3,22.7499666666668,1,86,1,5,4,3,4,5,5,5,5,3,7,3,7
"353",1,24,2,1,4,4,4,4,4,4,1,2,15,4,300,300,650,4,0,3,4,4,24.8333,1,66,4,5,5,5,5,5,4,4,5,4,1,5,7
"354",1,24,9,1,5,4,3,5,5,4,2,5,55,11,400,380,1160,4,0,1,5,5,28.2499666666668,1,86,1,5,3,3,2,5,3,1,5,4,4,5,4
"355",2,24,4,1,4,5,5,4,4,5,1,3,150,250,2250,1700,0,3,40,5,2,2,28.4166333333333,2,86,1,5,5,3,2,5,4,3,5,2,6,5,3
"356",1,3,7,2,4,4,2,4,4,4,2,2,5,2,800,440,400,3,10,5,2,2,23.0833,2,86,1,3,3,3,1,4,2,2,5,3,3,5,1
"357",1,25,2,1,4,4,3,4,4,2,2,3,60,80,350,360,0,2,0,5,5,5,29.9166333333333,1,86,1,2,4,4,6,6,5,4,5,4,2,6,4
"358",1,19,6,2,4,3,2,4,4,3,1,3,10,21,0,380,590,2,0,4,3,3,22.0833,1,86,2,3,3,4,2,3,4,4,3,4,3,4,4
"359",1,18,4,2,5,4,5,5,4,1,2,3,20,18,200,210,80,3,7,1,1,1,22.1666333333333,1,86,1,2,1,1,1,1,5,2,3,4,7,3,3
"360",2,24,3,2,4,3,4,4,4,4,1,6,40,10,300,1260,0,3,50,5,1,1,31.4166333333333,1,86,1,5,5,5,4,4,5,1,4,3,3,5,7
"361",1,18,7,2,2,2,2,5,4,4,2,3,20,4,800,0,1700,2,1,3,3,3,24.1666333333333,1,86,1,2,1,2,1,2,4,4,3,4,4,7,5
"362",1,22,10,1,4,2,4,4,4,5,2,5,150,220,0,1294.54,1000,4,0,4,3,3,26.2499666666668,2,86,1,5,5,5,6,5,5,4,5,3,1,5,5
"363",1,19,3,2,5,3,4,2,5,5,1,3,30,40,700,565,0,3,19,3,3,3,24.9999666666668,2,86,1,4,4,4,2,5,3,2,5,2,4,5,3
"364",1,24,7,1,4,3,4,4,5,4,2,3,40,25.1,220,0,100,5,0,4,5,5,26.2499666666668,2,86,1,4,4,4,3,2,5,1,5,4,4,5,3
"365",2,4,7,1,4,4,4,4,4,4,1,5,40,8,1000,2500,0,2,39,4,3,3,31.6666333333333,2,29,3,4,3,3,3,3,4,4,4,3,4,6,4
"366",1,18,2,1,4,3,2,4,4,1,1,1,10,1,950,210,633,4,4,3,3,3,24.6666333333333,1,86,1,4,4,2,2,4,2,3,4,2,3,5,2
"367",2,19,5,2,4,1,3,1,4,5,2,3,50,65,400,355,40,4,30,3,3,3,21.8333,1,86,2,4,3,5,4,5,5,4,2,4,6,5,7
"368",1,22,2,2,4,4,4,2,4,4,1,5,20,6.7,300,270,300,3,0,3,3,3,21.8333,1,189,5,2,3,3,3,2,1,2,4,2,3,4,3
"369",1,25,6,1,3,1,3,4,3,3,1,6,37,21,1000,300,360,2,20,2,4,4,26.7499666666668,2,168,5,4,4,4,4,4,4,4,4,3,4,5,5
"370",2,11,7,1,5,4,3,5,5,4,1,3,45,30,2000,1950,0,1,45,4,3,3,32.8333,2,144,3,5,3,5,5,5,4,4,5,5,4,5,7
"371",1,24,3,2,4,4,4,4,4,4,1,3,15,4,900,935,0,3,20,5,5,5,29.2499666666668,1,86,1,5,5,5,5,5,5,4,5,2,1,6,4
"372",2,3,3,1,3,2,2,3,4,4,1,5,45,4,2800,2000,0,3,60,5,5,5,30.9999666666668,2,86,1,5,5,5,1,5,5,4,3,2,4,6,1
"373",1,24,7,1,1,1,1,1,1,1,1,3,10,1,300,660,0,5,6,5,1,1,32.7499666666668,2,86,1,2,3,3,2,4,4,1,1,3,2,5,3
"374",1,24,6,1,4,4,3,3,4,2,1,2,15,1.6,0,650,0,4,0,4,1,1,26.5833,1,86,1,2,1,1,1,2,3,2,3,5,5,3,7
"375",1,24,8,2,4,4,4,4,4,4,1,2,30,3,600,520,0,2,0,3,3,3,23.9166333333333,2,42,4,1,1,1,1,1,4,4,4,5,1,5,7
"376",1,24,2,1,5,4,5,4,4,4,2,5,40,13,2400,1165,0,1,0,3,3,3,61.2499666666668,2,86,1,5,4,4,3,6,5,5,4,6,3,8,2
"377",1,24,4,1,4,4,4,4,5,4,2,5,60,13,500,0,500,3,0,3,3,3,24.7499666666668,1,86,1,5,4,4,3,2,5,3,4,3,3,6,7
"378",1,24,2,1,4,4,4,4,5,3,2,2,20,6,500,1645,0,1,0,3,3,3,37.4999666666668,2,86,1,6,5,5,4,5,5,5,5,2,3,6,2
"379",2,22,7,1,5,5,4,4,5,5,2,5,70,29,2100,1630,1000,3,45,5,3,3,54.4999666666668,1,86,1,5,5,5,2,5,4,3,5,3,4,5,4
"380",1,24,4,2,3,3,3,3,3,4,2,3,30,7.9,900,785,750,4,16,4,2,2,23.3333,2,86,1,3,3,3,3,3,5,2,4,2,1,3,1
"381",1,24,7,2,4,2,3,2,3,4,1,2,6,2,1000,0,775,3,10,3,3,3,23.2499666666668,2,86,1,6,6,6,6,6,5,5,5,3,1,5,1
"382",1,23,10,2,2,2,3,2,4,4,1,2,5,1.1,500,430,380,2,0,4,4,4,24.7499666666668,2,86,4,4,4,4,3,4,4,3,4,4,2,6,7
"383",1,4,4,2,5,5,5,5,5,5,2,5,50,32,200,130,250,1,0,5,5,5,22.0833,1,82,3,6,4,5,3,3,4,4,4,5,5,4,3
"384",2,4,8,1,4,3,3,4,4,4,2,2,15,5,1300,2775,0,3,30,3,5,5,42.2499666666668,2,189,2,5,5,4,4,4,4,3,4,3,4,3,5
"385",1,18,3,2,5,4,4,4,4,4,1,1,15,2,590,570,50,4,0,3,5,5,26.3333,1,86,1,2,2,2,4,3,4,2,3,4,4,6,4
"386",1,24,4,2,4,4,4,4,4,3,1,3,20,3,1200,1160,0,3,0,4,5,5,27.9999666666668,1,86,1,4,2,3,2,4,4,4,4,3,3,4,1
"387",1,24,7,1,3,2,3,2,2,4,2,5,120,64,0,500,0,4,0,4,4,4,37.2499666666668,2,86,1,2,3,3,3,2,3,2,3,3,5,5,3
"388",1,18,4,1,4,4,3,4,5,5,1,1,20,2,1000,660,0,2,0,3,3,3,27.9999666666668,2,70,4,4,5,4,3,3,2,2,4,3,2,6,5
"389",2,15,2,1,4,4,2,3,3,3,1,3,36,44.8,1270,1090,0,4,20,5,1,1,35.7499666666668,1,86,1,2,2,3,1,2,5,2,4,4,4,6,6
"390",1,18,5,2,4,4,5,4,4,2,1,2,20,2,600,574,70,5,10,5,1,1,23.2499666666668,1,14,2,5,5,4,5,4,4,2,5,2,2,5,7
"391",1,24,2,2,4,4,4,4,4,4,1,3,15,5,1000,938,0,5,34,3,3,3,23.4166333333333,1,86,1,4,2,4,2,2,4,1,4,5,2,7,5
"392",1,4,4,2,4,4,4,5,5,3,1,5,50,12,600,570,0,4,17.5,5,3,3,22.9999666666668,1,86,1,2,2,2,1,1,5,2,4,4,4,6,7
"393",1,24,8,1,2,2,2,3,2,2,1,2,15,5,0,800,0,5,8,3,3,3,24.9166333333333,2,86,1,5,5,5,4,3,2,1,3,4,3,6,7
"394",2,2,7,2,4,2,3,3,3,4,2,3,20,11,2000,2000,0,3,40,5,2,2,34.0833,1,86,1,2,3,1,1,2,4,4,4,3,6,2,7
"395",2,18,1,1,5,5,5,5,5,5,1,3,30,20,1700,1519,0,5,22,5,1,1,38.8333,1,86,1,4,4,5,5,5,5,1,5,4,2,9,5
"396",1,18,4,2,4,4,3,4,4,4,1,1,15,1.8,0,840,200,1,15,2,3,3,22.4166333333333,2,86,1,2,4,3,2,2,4,4,3,2,5,6,5
"397",1,22,7,2,5,4,4,4,4,5,2,5,60,28,100,400,0,3,0,1,1,1,24.6666333333333,2,86,1,5,5,2,2,4,4,3,4,3,5,6,4
"398",1,25,3,2,4,4,2,1,4,4,1,1,10,2,200,200,1025,4,0,4,5,5,22.8333,1,86,1,5,5,6,4,3,2,2,1,3,3,4,2
"399",1,4,3,1,4,4,4,4,4,5,1,1,8,1.5,800,800,0,4,20,5,5,5,27.0833,1,86,1,2,2,1,1,2,5,2,4,4,5,6,3
"400",1,24,3,1,4,4,4,4,4,4,1,1,10,1,1000,865,0,3,0,3,3,3,24.5833,2,42,4,5,5,4,4,4,3,3,3,5,4,5,6
"401",1,25,2,2,5,5,5,5,5,5,2,3,45,28.1,50,135,0,5,0,3,4,4,22.5833,1,86,1,2,2,2,1,2,4,1,5,4,3,6,4
"402",2,16,2,1,5,5,5,5,5,5,2,3,10,3.5,2000,1300,0,1,0,3,3,3,53.8333,1,86,1,4,4,3,3,4,5,4,5,3,1,3,7
"403",2,24,1,1,4,4,4,4,4,4,1,3,60,82,1600,1250,0,3,35,3,4,4,29.0833,1,86,1,5,5,5,4,5,4,3,4,3,2,5,3
"404",1,23,2,2,4,4,4,4,5,5,1,1,1,21,690,634,400,4,20,4,3,3,22.2499666666668,1,86,1,6,5,5,2,5,4,2,5,4,6,5,2
"405",1,18,5,2,4,4,2,4,4,4,1,1,30,10,600,500,800,4,20,5,5,5,22.5833,2,86,1,5,5,4,4,3,2,2,5,3,2,5,1
"406",1,4,3,2,5,5,2,3,5,4,2,3,45,30,1200,0,1000,1,0,3,3,3,26.2499666666668,1,86,1,4,3,3,4,2,4,5,3,4,7,3,1
"407",1,25,7,1,4,4,3,3,3,4,1,1,20,1.6,400,0,1310,3,0,3,4,4,27.3333,1,190,4,5,5,5,5,5,4,4,4,3,3,5,4
"408",1,23,2,1,5,5,3,4,5,4,1,1,25,2.5,800,778,0,3,0,4,4,4,31.8333,2,86,1,4,4,4,3,5,5,2,4,3,5,6,7
"409",1,25,7,2,4,2,4,4,4,4,1,1,15,1,250,90,340,5,35,4,5,5,23.4999666666668,2,86,5,2,2,3,2,2,1,2,4,5,3,5,3
"410",1,25,11,2,4,5,3,4,4,4,1,1,25,2,250,190,240,2,0,3,4,4,23.3333,1,86,1,4,5,3,4,3,4,2,4,4,4,4,3
"411",1,24,7,2,4,4,5,5,5,4,1,5,37,21,350,350,0,4,0,3,3,3,21.9999666666668,1,86,1,5,4,5,5,5,5,3,4,5,4,3,5
"412",2,24,9,2,2,3,2,3,4,4,2,3,120,150,1000,480,280,2,35,4,4,4,24.5833,2,86,1,3,4,4,3,4,4,4,3,4,2,5,3
"413",1,23,10,2,4,3,3,5,5,4,1,1,15,1,300,635,0,4,8,5,5,5,21.9999666666668,1,144,3,2,1,1,2,6,1,1,4,5,6,6,4
"414",2,3,6,1,3,2,4,3,4,4,1,5,50,9,1200,1110,0,4,35,4,3,3,27.4166333333333,2,86,1,2,2,2,1,4,4,1,4,5,3,4,7
"415",1,25,2,1,4,4,3,4,5,3,2,3,40,42.5,200,0,1385,5,0,3,4,4,49.8333,1,86,1,5,4,5,5,6,5,1,5,2,6,5,4
"416",1,24,10,1,4,4,4,3,1,4,1,3,55,60,0,2940,0,1,20,3,3,3,32.2499666666668,1,86,1,5,5,6,6,6,5,4,4,5,2,3,3
"417",1,3,4,2,4,2,2,1,5,5,1,2,4,1,200,585,0,4,10,4,2,2,26.4999666666668,2,86,1,4,2,2,2,3,4,2,4,6,1,4,5
"418",2,18,3,1,5,5,5,5,5,5,2,3,240,21,500,2000,0,1,22,3,3,3,44.6666333333333,2,189,3,6,6,6,3,6,5,5,5,5,4,4,2
"419",1,18,4,2,2,4,2,4,4,5,2,3,20,16,500,650,0,3,25,3,5,5,23.2499666666668,2,86,1,4,4,3,2,2,5,4,4,5,4,4,4
"420",1,25,2,2,4,3,3,2,2,4,1,1,0.5,2.8,700,596,300,5,15,5,2,2,23.0833,1,86,2,3,2,4,2,3,3,2,3,3,3,6,5
"421",1,24,3,1,4,4,2,3,4,2,2,3,90,44,340,380,528,5,6,3,4,4,47.5833,1,189,1,4,4,4,5,3,5,2,4,2,6,1,6
"422",1,22,4,2,4,1,4,2,4,4,2,1,25,0.8,450,200,250,5,0,4,5,5,29.1666333333333,2,86,1,3,3,1,1,2,3,1,2,3,7,1,1
"423",1,24,6,1,4,4,5,5,5,5,1,2,15,5,700,630,0,3,0,3,3,3,32.8333,2,86,1,3,4,3,3,3,4,4,4,5,3,7,4
"424",1,23,2,2,4,4,3,4,4,4,1,1,5,1,300,300,400,5,0,3,5,5,22.4166333333333,2,86,1,4,2,5,5,5,2,1,3,4,1,4,3
"425",1,19,6,2,4,5,3,4,5,5,1,5,20,18,50,0,530,4,0,5,5,5,25.4166333333333,1,86,1,2,2,2,1,2,5,4,5,4,7,5,3
"426",1,23,5,2,5,5,5,5,5,5,1,1,85,1,600,490,300,3,10,3,3,3,22.6666333333333,1,86,1,5,5,5,3,4,4,4,5,3,6,5,1
"427",2,7,6,1,3,1,1,5,4,3,1,3,15,6,2600,1400,0,2,45,4,4,4,35.3333,2,86,1,5,5,4,4,5,4,4,2,3,4,5,2
"428",1,19,3,2,4,5,5,4,4,5,1,5,35,17,700,100,711,3,15,3,1,1,26.2499666666668,1,66,5,2,2,3,2,4,4,3,4,4,3,5,3
"429",1,25,2,2,5,4,4,4,5,5,1,3,10,2.3,300,260,250,3,0,3,2,2,22.9999666666668,1,86,1,5,4,4,4,5,4,3,4,3,3,5,7
"430",1,22,3,2,2,2,2,4,2,4,2,5,90,32,1100,420,800,3,10,3,3,3,22.7499666666668,1,189,3,2,2,1,2,2,5,3,3,3,3,2,2
"431",1,23,6,2,4,1,4,2,1,5,1,1,5,1,500,500,0,5,0,1,5,5,24.6666333333333,2,86,1,4,2,2,1,5,2,1,4,5,3,5,3
"432",2,4,4,1,5,4,3,4,4,3,1,5,40,21,750,1360,0,3,0,4,4,4,32.7499666666668,1,86,1,4,3,4,1,4,4,3,4,3,3,6,5
"433",1,22,6,1,5,5,5,5,5,5,1,1,15,3.2,170,520,520,5,0,3,5,5,25.2499666666668,2,82,4,6,3,4,6,6,1,2,5,6,2,5,6
"434",1,25,3,2,4,4,2,5,5,5,2,3,30,7,180,180,0,3,0,3,3,3,23.3333,2,86,1,4,3,2,4,5,4,2,5,2,6,5,3
"435",1,23,4,2,4,4,3,4,3,4,2,3,15,8,170,165,0,3,8,4,5,5,23.7499666666668,1,86,1,4,2,2,2,4,5,4,5,6,5,2,7
"436",2,21,1,2,4,4,4,4,4,4,1,3,20,20,2200,1300,0,1,25,3,3,3,25.8333,1,86,1,5,5,5,4,5,5,5,5,5,3,5,3
"437",1,23,3,1,4,4,4,5,4,5,1,3,20,6.4,1500,1320,0,5,10,5,5,5,37.6666333333333,1,86,1,2,2,2,3,2,5,2,4,6,6,9,6
"438",1,22,2,2,4,2,5,2,4,5,2,2,20,7.5,200,200,210,2,0,3,4,4,23.5833,1,86,1,5,3,6,6,6,4,4,5,3,1,3,1
"439",1,24,2,1,4,5,3,4,4,4,1,5,30,21,900,1940,0,5,20,3,3,3,30.6666333333333,1,148,4,5,4,4,5,4,3,1,4,2,3,5,4
"440",1,18,6,1,4,3,3,4,4,4,1,1,35,5,200,793,0,5,0,3,2,2,30.1666333333333,2,86,1,3,3,3,3,2,2,1,3,4,3,6,5
"441",1,25,3,1,5,5,5,5,5,5,1,3,10,2.7,2040,1580,0,5,0,5,5,5,28.8333,1,144,3,4,3,4,2,4,4,2,5,4,1,6,5
"442",1,18,2,2,5,3,3,4,5,2,1,1,7,0.5,650,630,0,3,15,5,3,3,22.1666333333333,1,189,1,3,3,1,3,4,4,2,4,2,6,6,7
"443",1,18,3,2,4,4,3,4,4,4,2,3,10,3,500,500,250,3,0,2,4,4,24.9166333333333,1,86,1,4,3,3,3,4,5,3,4,4,3,5,3
"444",1,4,6,2,4,4,3,3,4,4,2,5,30,2.4,200,0,780,3,0,3,3,3,23.9166333333333,1,86,1,5,4,4,2,5,4,4,4,2,2,2,7
"445",1,19,3,2,5,5,4,4,5,5,1,3,5,2,150,612,300,5,15,5,3,3,26.4999666666668,1,86,1,5,5,2,1,4,4,1,4,5,6,5,7
"446",1,19,2,1,5,4,3,3,5,3,2,6,105,85,30,948,0,5,0,5,3,3,35.3333,2,86,1,2,2,1,1,3,1,1,4,6,5,7,4
"447",1,24,2,2,5,4,4,5,5,4,2,5,50,9,240,150,241,2,0,3,4,4,22.4166333333333,1,86,1,5,5,5,5,5,5,4,4,3,1,5,4
"448",2,24,7,1,4,4,5,3,4,3,1,3,45,30,2300,1040,0,3,38,3,3,3,33.4166333333333,2,86,1,5,5,5,5,5,5,5,5,3,1,6,4
"449",1,24,2,2,3,2,4,4,4,4,2,5,30,8.3,440,370,340,3,10,3,3,3,22.0833,1,86,1,5,4,3,3,3,5,4,4,2,5,5,3
"450",1,22,2,1,4,4,4,2,4,3,1,1,40,7,2000,1020,0,4,10,4,3,3,27.6666333333333,1,190,5,4,3,2,2,3,3,4,3,2,3,6,5
"451",2,4,7,2,4,4,3,3,4,4,1,2,10,2,2000,1100,0,2,55,5,2,2,35.0833,2,86,1,3,3,3,3,2,3,3,3,2,4,2,1
"452",1,24,6,2,2,2,4,2,3,3,2,5,90,35.7,50,30,91.5,1,0,3,3,3,24.5833,1,86,1,5,5,5,5,4,5,4,2,3,3,5,7
"453",1,24,6,2,4,2,2,4,3,4,1,2,15,3.4,2032,100,560,2,0,3,5,5,23.9166333333333,1,86,1,4,3,3,3,3,4,3,4,5,1,5,5
"454",1,24,3,2,4,5,4,4,5,5,2,3,60,13,200,470,450,4,15,5,1,1,22.4166333333333,1,86,1,4,3,3,3,4,5,2,5,4,6,6,1
"455",1,24,7,2,4,5,4,5,5,5,2,3,15,6.7,400,225,200,1,15,5,5,5,24.5833,2,86,1,5,5,5,4,4,5,5,5,3,2,5,4
"456",1,24,4,2,5,4,5,4,4,5,2,2,15,3,400,20,100,1,0,3,2,2,22.9166333333333,2,86,1,2,2,2,3,3,4,2,4,3,2,5,4
"457",1,24,2,2,4,4,4,4,4,3,2,5,100,65,80,154,0,3,3,3,4,4,21.2499666666668,2,86,1,3,2,3,4,3,5,4,4,6,2,7,5
"458",1,18,4,2,2,4,3,4,4,4,2,2,10,2,260,210,185,1,12,4,3,3,23.2499666666668,2,86,1,4,4,3,3,2,5,5,4,2,3,2,1
"459",1,25,3,2,1,1,1,4,1,4,1,3,120,200,1150,1300,0,4,30,5,1,1,25.2499666666668,1,86,1,2,1,3,1,2,3,1,1,4,6,1,7
"460",2,17,1,1,4,3,4,4,5,4,2,2,20,3.6,600,1040,0,1,40,5,4,4,39.7499666666668,1,86,1,4,4,5,5,5,4,4,5,2,6,7,3
"461",2,16,2,2,5,2,3,5,5,4,2,5,120,80,2170,700,0,1,0,3,3,3,61.1666333333333,1,86,1,5,3,4,2,5,5,5,4,6,3,6,4
"462",2,3,1,1,5,5,3,3,5,5,2,3,60,90,1620,1300,0,2,50,3,3,3,48.4999666666668,1,86,1,4,3,3,3,5,5,5,5,3,6,6,1
"463",2,24,9,2,4,4,4,4,4,4,2,3,75,97,2460,2012,0,1,40,2,3,3,36.3333,2,86,1,4,4,4,3,4,5,5,4,5,4,6,7
"464",1,3,4,2,4,3,3,5,4,5,2,3,10,2,500,500,150,3,0,2,4,4,26.5833,2,86,1,4,4,5,2,2,5,2,5,3,2,4,4
"465",1,24,8,2,3,4,5,3,4,2,2,3,25,5,300,140,1450,3,0,2,4,4,23.5833,2,86,1,3,3,3,4,4,1,2,4,3,6,8,5
"466",1,25,7,2,4,5,5,4,4,5,1,1,20,21,0,0,350,3,0,4,4,4,21.3333,1,42,4,5,5,5,5,5,3,3,3,5,6,3,4
"467",1,24,8,2,1,2,1,3,1,1,1,2,20,6,400,0,705,3,0,3,5,5,22.7499666666668,1,86,1,1,1,1,1,3,5,3,2,3,2,5,1
"468",1,22,3,1,5,4,4,4,5,2,1,1,35,21,700,0,2706,2,0,4,4,4,31.9999666666668,1,86,1,4,3,4,3,5,4,2,4,3,2,5,2
"469",2,3,3,1,5,4,3,4,4,4,2,3,120,200,1000,1000,0,3,32,1,1,1,37.5833,1,189,3,5,4,4,3,5,5,1,5,2,2,8,4
"470",2,22,1,1,5,5,5,3,5,4,2,5,15,5,200,1725,0,4,30,3,2,2,34.6666333333333,1,86,1,5,5,5,4,5,5,4,4,5,5,6,3
"471",1,24,3,1,4,4,2,3,4,2,2,3,60,56,800,740,0,3,15,4,4,4,24.5833,1,86,1,2,3,1,2,2,4,2,3,2,6,5,4
"472",1,24,2,1,4,4,4,4,4,3,2,3,15,3,2000,900,0,1,0,3,3,3,61.2499666666668,1,86,1,5,5,5,4,4,5,5,4,2,6,5,3
"473",1,23,7,2,5,5,5,5,5,5,1,3,5,1,710,0,830,4,10,5,1,1,23.4166333333333,1,86,2,2,2,1,1,2,2,2,5,4,5,6,5
"474",1,22,2,2,4,4,3,2,4,2,2,5,40,6.4,130,120,640,4,0,3,3,3,23.4166333333333,2,86,1,5,5,5,5,6,5,2,5,3,4,3,3
"475",1,18,6,2,4,2,4,4,4,4,1,1,15,1,300,495,0,3,0,3,3,3,22.2499666666668,1,86,1,5,5,5,4,4,4,3,4,3,7,4,5
"476",1,4,4,2,4,4,4,4,4,4,1,5,30,4,580,320,510,2,0,2,2,2,22.9999666666668,2,86,1,5,5,5,4,5,4,4,4,3,1,3,1
"477",1,22,2,1,4,2,2,3,5,5,1,1,30,3,1000,560,530,3,0,5,5,5,24.9999666666668,1,70,5,3,2,3,2,2,4,4,4,3,5,5,3
"478",1,18,5,2,4,5,4,5,5,5,1,1,10,1,420,0,420,5,0,3,3,3,21.9999666666668,2,86,1,5,4,4,3,5,4,2,5,2,1,8,2
"479",1,4,4,2,4,4,4,5,5,5,1,3,35,25,1570,2208,0,5,0,3,3,3,42.1666333333333,1,134,2,5,6,5,2,5,5,2,4,6,6,5,7
"480",1,3,4,1,5,5,3,3,5,5,1,3,30,11,370,310,0,3,16,2,1,1,25.2499666666668,1,107,3,3,1,2,1,2,4,2,4,5,7,5,5
"481",1,24,8,2,4,4,5,3,2,4,1,2,20,6,760,710,0,2,0,3,5,5,23.3333,1,86,1,3,4,4,5,2,1,3,3,4,1,1,3
"482",1,24,2,2,4,5,2,4,4,5,1,1,10,1.6,400,200,400,4,0,3,4,4,22.2499666666668,1,86,2,3,2,2,3,3,4,2,4,2,4,2,5
"483",1,18,4,2,4,4,2,3,4,4,1,1,5,1.2,520,690,20,4,0,5,5,5,21.8333,1,86,1,3,2,2,1,2,5,1,4,3,7,6,6
"484",2,9,4,2,4,4,3,4,4,2,2,3,45,30,0,1564,0,4,39,3,3,3,34.9999666666668,2,86,1,3,3,3,3,2,5,2,4,3,6,5,5
"485",1,24,3,1,5,4,5,3,5,5,2,3,25,10,800,0,800,5,0,3,4,4,35.3333,1,86,1,5,2,2,2,5,5,2,4,5,6,6,5
"486",1,18,4,2,5,5,4,5,4,5,1,2,5,2.5,800,0,800,4,0,3,3,3,23.7499666666668,2,94,1,5,4,5,3,4,5,3,5,3,1,4,1
"487",1,24,9,1,5,5,5,5,5,4,1,3,80,80,480,445,770,4,15,5,5,5,25.7499666666668,1,86,1,5,4,5,3,6,4,2,5,3,3,2,7
"488",1,19,3,2,2,3,1,3,2,3,1,3,37,21,150,390,0,5,8,4,3,3,23.0833,1,86,1,2,1,1,1,2,4,1,3,6,7,7,5
"489",1,24,3,1,4,4,4,5,5,4,1,1,50,5,300,300,0,5,0,1,5,5,36.6666333333333,2,86,1,3,3,2,3,2,4,1,4,5,1,2,3
"490",1,16,1,2,4,4,4,2,5,4,1,1,5,1,1200,870,300,3,22,5,2,2,22.5833,1,190,2,2,2,4,3,2,4,2,4,3,5,5,4
"491",2,16,2,1,4,4,2,1,5,3,2,3,15,4.9,850,393.88,2500,3,10,3,2,2,54.0833,1,86,1,4,4,3,3,4,5,2,5,3,3,5,3
"492",1,1,2,1,4,3,3,4,4,3,2,3,20,20,760,760,1350,4,0,3,3,3,33.2499666666668,1,173,3,4,3,3,3,3,5,2,3,3,4,3,3
"493",1,19,3,2,4,5,4,4,2,4,1,1,20,2,560,332,280,4,9,3,3,3,22.9999666666668,1,86,1,2,2,1,1,2,4,4,5,3,7,5,4
"494",2,22,6,1,4,3,4,4,5,4,1,1,37,21,1500,720,0,2,0,3,3,3,29.0833,1,189,3,5,5,4,4,5,4,4,4,6,5,5,7
"495",1,3,4,2,4,5,2,1,4,5,1,3,5,1,350,588,110,4,0,3,3,3,22.2499666666668,2,86,1,5,5,5,5,3,4,2,5,3,1,1,1
"496",1,18,6,1,5,3,4,4,5,3,1,1,15,1.6,1050,1010,0,2,20,3,3,3,27.8333,1,86,1,5,5,5,5,5,4,4,5,3,1,2,7
"497",1,25,10,2,5,3,4,5,5,4,1,5,5,21,400,0,850,2,0,3,5,5,23.7499666666668,1,86,1,5,5,5,5,5,5,5,4,5,1,5,7
"498",1,22,13,2,4,2,3,4,5,4,1,5,25,5,650,635,0,4,1,3,3,3,23.5833,1,70,5,4,5,4,2,5,5,2,4,6,6,5,7
"499",2,24,4,1,4,5,4,5,4,5,1,3,30,9,2800,2800,0,3,36,5,3,3,38.7499666666668,1,168,3,2,3,2,1,1,5,4,5,5,6,5,4
"500",1,18,7,2,4,5,2,4,4,5,1,1,15,1.5,600,600,300,3,18,5,2,2,22.4166333333333,1,86,1,5,6,5,3,3,4,4,4,3,6,5,3
"501",2,14,7,2,4,4,3,4,5,4,2,3,15,5,2500,2415,0,3,36.5,4,4,4,37.6666333333333,2,86,1,4,4,3,3,4,5,4,4,3,3,4,2
"502",1,25,10,2,5,4,3,4,4,4,1,3,20,7,900,284,691,3,0,3,5,5,25.4999666666668,1,86,1,4,4,4,2,4,3,2,4,3,3,5,4
"503",2,24,5,1,4,4,4,3,4,4,1,5,40,6.5,1700,1590,0,4,35,5,3,3,34.1666333333333,1,190,2,2,2,1,1,2,4,1,4,5,6,5,3
"504",1,25,7,1,4,5,4,5,5,5,1,1,30,2,1000,555,0,3,0,5,3,3,25.4166333333333,2,82,4,3,2,3,3,4,4,5,4,5,7,2,5
"505",1,18,5,1,4,5,4,4,5,5,1,3,10,2,700,710,0,4,10,5,3,3,28.6666333333333,1,86,1,2,2,3,2,2,4,2,4,4,6,6,6
"506",1,18,5,2,4,4,4,4,5,4,2,3,10,10,800,400,0,3,0,3,3,3,24.6666333333333,1,86,1,2,2,2,2,4,4,3,4,3,1,5,1
"507",1,24,2,1,5,5,3,5,5,5,2,5,120,150,1000,500,0,1,0,3,3,3,55.1666333333333,1,86,1,5,5,5,5,5,5,5,5,6,1,6,2
"508",1,24,4,2,5,5,5,5,5,5,1,1,60,5,0,2522,0,3,0,3,1,1,37.9166333333333,2,186,4,6,5,5,5,5,4,3,5,5,2,1,6
"509",1,4,8,2,2,2,3,2,2,2,2,5,60,14,520,402.5,0,4,0,3,3,3,26.7499666666668,2,86,1,2,2,2,2,4,5,2,2,6,1,6,4
"510",1,18,6,2,4,2,2,4,4,4,2,3,30,17,100,120,200,2,0,3,3,3,22.0833,1,86,1,6,4,5,4,2,5,4,5,4,3,3,7
"511",2,24,6,2,5,5,3,5,5,5,2,2,35,4,2600,2260,0,1,48,3,3,3,36.6666333333333,1,86,1,6,5,6,5,6,5,5,5,3,1,1,1
"512",1,24,4,2,4,4,4,5,5,4,1,1,30,21,500,120,800,4,0,3,3,3,26.3333,1,86,1,5,3,4,4,5,5,4,4,4,2,3,1
"513",1,24,2,2,4,4,5,5,4,2,1,1,15,3,620,350,400,2,20,3,4,4,22.8333,2,86,1,5,5,5,3,6,5,4,4,3,2,3,1
"514",1,3,4,1,4,2,4,2,3,1,1,1,1,0.5,2000,640,40,3,0,4,3,3,24.4999666666668,1,189,4,3,2,2,3,3,4,4,2,3,5,5,7
"515",1,25,2,1,4,4,3,4,5,4,2,3,75,70,752,660,0,4,0,3,5,5,29.3333,2,86,1,5,5,5,5,5,4,2,5,3,3,7,3
"516",1,4,11,2,5,4,4,4,4,5,1,1,15,1,180,270,0,1,20,3,3,3,31.8333,2,129,4,1,2,2,2,2,5,5,4,4,5,5,3
"517",1,22,3,2,4,4,3,3,4,4,2,5,80,40,500,500,0,1,0,3,3,3,23.1666333333333,1,86,1,4,4,3,3,4,4,4,4,2,7,4,1
"518",1,22,2,2,4,4,3,2,3,5,2,1,50,10,50,20,50,2,0,3,3,3,22.3333,2,86,1,2,2,2,1,4,4,4,4,2,3,5,5
"519",1,24,2,2,4,3,4,4,4,4,2,5,10,3.8,400,390,0,3,0,3,3,3,24.8333,1,198,1,5,3,2,2,2,4,4,4,2,5,5,3
"520",2,22,1,1,2,2,3,2,2,2,1,3,60,80,200,237,1600,5,30,5,5,5,46.7499666666668,1,168,3,5,5,6,6,6,4,1,2,6,2,7,5
"521",1,19,10,2,4,4,3,4,4,5,2,5,90,72,600,100,0,3,0,3,3,3,24.0833,1,86,1,2,2,3,3,5,4,4,4,4,5,6,6
"522",1,22,2,1,5,5,5,5,5,5,1,2,10,2,1000,1000,0,1,0,3,3,3,45.7499666666668,2,86,1,5,5,4,4,5,4,4,5,2,1,1,7
"523",1,3,2,2,4,4,4,4,4,4,1,1,5,0.1,400,0,610,2,0,4,5,5,22.4166333333333,1,86,1,5,4,4,5,5,4,3,5,4,7,5,3
"524",1,2,2,2,5,5,5,5,5,5,2,3,15,5,20,20,80,5,0,3,3,3,22.5833,1,86,1,6,6,6,5,6,5,1,5,4,4,5,5
"525",2,4,4,2,5,5,5,5,5,5,1,1,20,2,3000,2130,0,4,40,5,3,3,29.9166333333333,2,137,3,5,5,5,5,5,4,4,5,6,7,6,6
"526",1,23,10,1,4,4,2,4,3,2,1,1,10,1,2300,1240,0,3,22,5,3,3,40.9166333333333,1,86,1,2,2,2,1,2,4,3,3,2,1,6,7
"527",1,3,6,1,4,4,4,4,4,5,2,3,40,30,400,405,575,4,8,5,4,4,27.7499666666668,1,166,2,3,4,1,2,3,2,2,5,3,7,6,5
"528",2,4,7,1,5,4,3,5,5,4,2,5,25,3.4,400,470,0,4,0,4,4,4,29.9999666666668,2,86,1,2,2,1,2,4,5,2,4,3,2,5,2
"529",2,3,1,1,5,5,3,5,5,5,2,3,25,8.2,2000,1805,0,2,23,2,2,2,61.0833,2,86,1,5,5,4,4,4,5,4,5,6,4,6,4
"530",1,24,13,1,4,2,2,2,4,2,1,5,100,8,100,0,1070,5,20,3,5,5,37.2499666666668,1,86,1,3,1,1,2,4,5,2,4,4,5,7,5
"531",1,4,2,2,3,3,3,3,3,3,1,1,25,2.8,400,200,570,4,0,5,2,2,22.6666333333333,1,86,1,5,5,3,2,4,2,2,4,3,3,5,1
"532",1,24,5,2,5,4,4,5,5,4,1,2,25,8,200,130,500,3,0,3,4,4,22.4166333333333,2,86,1,4,3,4,4,3,2,2,4,4,2,5,3
"533",2,25,10,2,4,5,3,4,5,4,2,3,15,15,1200,712,0,3,37.5,5,2,2,28.4166333333333,1,86,1,5,5,4,4,6,5,4,4,3,6,5,1
"534",2,24,10,2,3,4,4,5,5,4,1,5,90,27.2,1900,1030,200,1,39,5,2,2,26.7499666666668,2,86,1,4,3,2,2,5,5,5,5,4,4,5,5
"535",1,4,4,1,5,4,4,5,5,3,1,1,20,2,400,930,0,4,0,4,4,4,25.2499666666668,1,86,1,5,4,5,3,4,4,2,4,3,3,5,2
"536",1,18,4,2,4,4,3,3,3,4,2,3,35,15,800,410,0,2,20,5,4,4,21.3333,2,86,1,6,5,5,3,4,5,4,5,3,3,3,7
"537",1,19,2,2,3,2,2,3,3,5,2,5,80,78.4,50,0,270,4,0,3,3,3,22.1666333333333,2,86,2,5,4,4,2,2,2,1,3,3,1,5,6
"538",1,24,3,1,5,2,3,5,5,5,1,5,40,9,700,821,50,1,0,3,3,3,24.9166333333333,1,144,4,5,5,5,4,4,5,5,5,4,2,1,7
"539",1,18,3,1,4,4,4,4,5,4,1,3,0.7,7,580,1050,0,4,20,3,3,3,31.4166333333333,1,86,1,5,4,2,2,2,4,2,5,4,3,6,5
"540",2,2,7,1,5,5,4,4,5,5,2,3,37,21,3000,2610,0,2,37.5,3,3,3,33.0833,2,86,1,2,2,2,1,3,4,4,5,3,6,5,3
"541",2,24,7,1,5,5,5,5,4,5,2,2,15,4,200,2940,0,5,40,4,4,4,38.9166333333333,2,86,1,4,2,4,2,4,5,1,5,2,1,6,3
"542",1,24,4,1,4,4,3,3,4,4,1,1,20,1,1300,0,1128,2,0,3,5,5,23.9999666666668,1,196,4,4,4,4,4,4,4,4,3,4,1,6,6
"543",1,24,4,2,5,5,5,5,5,5,1,5,20,5.2,400,400,0,3,0,3,3,3,32.9999666666668,1,190,2,5,3,4,6,4,5,4,4,4,2,5,7
"544",1,4,2,1,5,4,4,5,4,3,2,1,35,3,400,400,0,4,0,3,3,3,53.6666333333333,2,86,1,5,3,3,4,6,4,2,5,2,1,6,7
"545",2,18,4,2,5,5,3,4,5,4,1,3,30,10,1850,1140,0,5,39,4,3,3,22.8333,1,86,1,4,2,4,3,4,5,3,4,3,3,5,2
"546",2,24,7,1,4,3,3,4,5,4,2,5,60,20,0,2180,0,1,40,3,3,3,33.0833,2,86,1,5,5,4,3,4,5,4,4,3,2,4,2
"547",1,22,2,2,4,4,4,1,2,4,1,1,20,0.5,800,690,0,3,42.5,5,1,1,23.0833,1,14,2,4,5,3,2,4,5,4,2,2,1,6,2
"548",1,23,2,2,4,2,2,2,4,5,1,1,11,0.5,800,0,785,4,0,5,4,4,22.7499666666668,1,86,1,2,2,3,3,3,2,2,4,4,3,8,6
"549",2,24,3,2,4,4,3,3,3,4,2,3,50,16,1600,1627,840,2,21,3,4,4,40.5833,1,86,1,4,4,5,4,5,5,3,3,3,5,5,5
"550",2,4,7,1,5,5,3,3,5,5,2,5,60,16,500,490,0,4,0,3,3,3,26.2499666666668,1,86,1,3,3,3,3,4,5,4,4,3,3,5,7
"551",1,22,2,1,4,2,3,3,4,4,2,5,40,9,2500,1350,0,1,0,3,3,3,61.0833,2,86,1,5,5,3,5,4,4,4,3,1,7,5,3
"552",1,24,2,2,5,5,5,5,5,4,2,5,60,21,200,200,85,3,20,3,4,4,23.5833,1,86,1,5,3,4,3,5,5,5,5,3,4,3,1
"553",1,18,4,2,4,3,4,4,4,4,1,1,37,2,550,200,300,3,0,4,4,4,22.4166333333333,1,86,1,5,4,4,4,4,3,4,4,3,6,4,3
"554",1,24,8,2,4,4,3,4,4,4,2,2,10,2,200,90,650,3,0,3,3,3,24.1666333333333,2,86,1,6,6,6,4,6,5,5,5,5,1,5,1
"555",2,24,2,2,2,2,2,1,2,2,1,5,160,80,2305,1500,0,1,25.5,5,1,1,23.8333,1,86,1,3,3,2,2,2,4,4,2,5,3,4,1
"556",1,22,7,2,4,2,4,2,5,4,1,2,10,1.6,400,100,940,4,0,3,3,3,23.3333,2,86,1,3,3,3,3,1,5,1,5,2,3,4,3
"557",1,24,2,2,5,5,4,5,5,4,1,1,35,4,700,700,0,4,12,3,4,4,26.3333,1,86,1,5,3,5,3,5,5,2,4,4,1,5,7
"558",2,12,1,2,4,2,4,4,4,5,2,3,25,20,1500,400,0,3,6,4,5,5,23.0833,1,86,1,5,6,6,4,4,5,4,5,6,3,5,7
"559",1,23,3,1,4,4,4,5,5,5,1,1,30,5,20,1140,600,4,20,5,1,1,27.4999666666668,1,86,1,2,2,2,1,3,4,1,4,2,6,9,5
"560",1,19,2,2,5,4,2,4,5,5,1,1,20,0.5,150,380,138,4,16,5,3,3,21.6666333333333,1,86,1,4,4,4,4,6,5,3,5,4,6,6,7
"561",1,22,3,1,3,2,4,3,3,3,1,5,35,5,500,660,40,3,10,1,1,1,33.4166333333333,2,86,1,3,2,4,2,4,4,3,2,3,3,6,5
"562",1,22,2,2,2,2,1,5,2,4,1,1,37,21,1000,950,0,2,15,4,2,2,24.7499666666668,2,190,1,3,5,4,1,6,5,4,3,6,7,6,4
"563",1,25,4,1,4,4,2,4,4,4,1,1,20,21,500,0,1020,3,0,3,3,3,31.5833,1,148,5,4,3,4,4,4,5,4,5,6,6,3,7
"564",1,24,4,2,4,5,3,4,4,3,1,2,35,15,0,695,70,3,0,4,5,5,23.9166333333333,2,86,1,3,3,3,2,2,4,3,4,5,3,1,1
"565",1,22,2,2,4,2,4,1,4,4,1,5,20,6,2000,1540,0,3,15,3,3,3,26.4166333333333,1,14,4,5,5,4,4,5,4,4,4,2,7,5,2
"566",1,19,1,2,4,4,4,4,4,5,2,3,40,30,500,470,0,3,12,3,3,3,22.3333,2,86,1,4,3,2,2,4,5,4,4,5,5,5,4
"567",2,4,4,1,4,4,4,5,4,5,2,6,10,1.6,2900,2720,0,5,40,5,1,1,31.8333,2,82,2,4,4,4,4,5,4,3,4,3,4,6,5
"568",1,18,4,1,5,4,5,5,5,3,2,3,50,35,1100,1095,1000,1,0,3,3,3,30.3333,2,86,1,6,6,5,2,5,5,4,5,5,7,1,2
"569",1,22,4,2,5,5,5,4,5,5,2,5,50,8,650,200,230,3,8,4,4,4,22.4166333333333,1,86,2,4,2,3,4,4,3,2,5,3,4,4,4
"570",2,2,4,1,5,4,4,4,5,3,1,3,12,4,937,943,25,3,39,3,3,3,25.4166333333333,1,86,1,4,4,4,3,5,5,3,4,3,3,3,1
"571",1,25,6,2,5,4,4,5,5,5,2,3,25,15,0,2525,0,2,0,3,3,3,37.3333,1,86,1,5,4,5,2,6,5,4,5,5,1,1,2
"572",1,4,7,1,4,3,4,4,4,3,2,5,75,22,200,340,200,1,0,3,3,3,25.5833,1,86,1,2,2,2,1,2,4,4,5,3,7,4,1
"573",2,22,3,2,5,4,3,4,5,4,2,1,20,1.5,1720,1550,525,4,37.5,5,3,3,31.3333,1,70,2,4,3,2,2,6,4,4,5,4,1,6,7
"574",2,18,1,1,4,4,3,4,2,5,1,3,20,10,1730,1840,0,4,12,5,3,3,40.5833,1,86,1,2,2,2,2,5,5,2,5,2,3,6,7
"575",2,24,10,1,4,5,3,4,5,4,2,5,20,2,1725,350,2275,3,18.75,4,3,3,48.9999666666668,1,189,5,5,5,4,4,5,5,4,5,5,3,5,1
"576",1,18,8,2,2,1,1,3,1,3,2,5,120,4,450,200,200,2,0,5,5,5,30.6666333333333,1,86,2,5,4,4,4,4,4,4,1,4,7,2,2
"577",1,25,4,2,5,4,2,4,4,4,1,1,20,3.2,800,800,0,3,0,4,4,4,26.9999666666668,2,86,1,4,3,4,4,3,4,4,4,6,3,6,6
"578",1,24,3,2,4,4,4,5,4,4,1,1,35,4.4,700,630,0,3,0,3,3,3,28.8333,1,70,4,4,5,6,4,5,4,3,4,4,1,6,3
"579",1,24,8,2,2,2,4,4,4,1,2,5,90,20,120,380,0,4,20,5,3,3,23.8333,1,86,1,4,4,4,3,2,3,2,2,3,3,4,4
"580",1,24,8,2,5,3,5,5,5,5,2,5,70,15,200,200,300,4,0,2,3,3,22.3333,2,86,1,5,3,4,2,5,5,4,5,1,2,5,2
"581",1,26,4,2,4,4,3,4,5,4,1,3,5,2,750,370,100,3,20,2,3,3,22.9166333333333,1,86,1,3,2,2,2,2,4,2,4,3,6,6,5
"582",1,19,6,2,4,3,2,2,2,4,1,1,20,2.5,250,95,485,2,0,4,4,4,23.5833,1,190,5,4,3,3,4,4,4,4,4,2,4,4,7
"583",2,4,4,2,4,4,3,5,4,4,2,5,45,12,2000,1070,0,2,35,3,3,3,25.8333,1,86,1,4,2,2,2,5,3,4,4,2,5,4,2
"584",2,3,4,1,2,4,2,2,3,4,2,1,25,5,3800,2880,0,3,45,5,1,1,37.3333,2,86,1,2,2,2,1,2,5,4,4,3,5,7,3
"585",2,3,1,1,4,4,3,4,5,5,1,3,30,23,2900,1460,0,2,30,4,3,3,31.3333,2,86,1,2,3,2,1,4,2,4,4,4,3,5,3
"586",2,19,1,2,5,5,4,4,5,4,1,3,30,26,2500,1865,0,2,40,5,2,2,27.6666333333333,1,86,1,5,3,3,1,2,5,4,5,3,4,6,2
"587",1,18,3,1,4,4,2,2,1,4,1,1,20,21,350,515,85,3,4,4,3,3,31.9166333333333,1,86,1,4,3,4,5,5,4,2,2,3,6,6,6
"588",2,23,4,2,5,5,4,4,5,5,1,3,50,45,1100,1002,0,4,28,3,3,3,24.7499666666668,2,189,2,4,2,4,4,3,5,2,5,3,3,5,2
"589",1,26,4,2,4,3,4,3,4,2,1,3,15,9,320,530,0,5,10,1,5,5,22.5833,1,86,1,2,2,1,1,1,5,1,4,6,4,5,7
"590",1,23,3,2,4,4,4,1,3,3,1,3,120,100,260,1910,0,5,0,1,5,5,25.6666333333333,1,86,1,3,2,2,2,2,2,1,4,3,5,6,6
"591",1,3,4,2,4,4,4,4,5,4,1,3,15,6,520,0,1105,1,0,3,3,3,22.9999666666668,1,86,2,4,3,3,3,3,5,5,4,3,7,5,2
"592",2,2,4,2,2,4,1,2,2,2,2,3,35,44,500,2300,0,4,0,3,3,3,46.9166333333333,1,189,1,5,4,3,3,4,5,2,3,2,4,3,4
"593",2,22,1,1,5,4,3,3,4,5,2,3,20,6,2700,2500,0,2,35,5,3,3,47.1666333333333,1,86,1,4,4,5,4,5,5,4,4,3,2,6,2
"594",2,4,4,1,4,3,4,4,4,4,2,3,60,35,3600,2590,0,2,50,5,5,5,41.1666333333333,1,86,1,4,3,3,3,4,5,4,4,4,5,3,3
"595",2,19,4,2,4,3,3,4,4,5,2,3,30,30,480,550,200,4,0,3,4,4,21.5833,2,86,1,5,5,5,5,5,5,2,5,5,1,5,6
"596",1,10,6,2,5,4,5,5,5,5,1,6,37,21,188,1250,0,5,0,3,3,3,44.7499666666668,2,86,1,5,5,5,5,5,1,5,1,1,1,5,4
"597",2,23,10,1,4,4,4,5,5,5,2,3,105,120,500,1375,0,2,0,5,1,1,35.0833,1,86,1,6,6,6,6,6,5,4,4,6,1,2,1
"598",2,18,6,1,5,4,5,5,5,5,2,5,120,100,760,860,0,5,0,4,5,5,54.4166333333333,2,86,1,5,5,5,5,5,4,1,4,2,1,5,2
"599",2,23,1,2,2,4,4,4,2,4,1,1,10,21,1500,1220,0,3,22,3,3,3,35.0833,1,86,1,4,3,3,3,3,2,2,2,4,4,6,4
"600",2,19,2,1,4,4,4,4,4,4,2,3,25,30,0,2220,0,3,50,4,2,2,46.1666333333333,2,189,1,6,5,6,5,5,4,4,4,2,2,6,2
"601",2,19,2,2,3,4,5,4,5,4,2,3,25,20,2400,1970,0,3,40,3,3,3,30.9999666666668,2,86,1,3,3,4,3,3,5,4,3,2,2,3,1
"602",2,22,1,1,4,4,3,3,4,4,1,5,20,6,2440,1415,0,3,36,2,2,2,32.9999666666668,1,86,1,2,2,2,2,2,4,4,4,3,5,6,4
"603",2,2,4,1,4,3,2,4,4,2,2,3,25,10,650,2600,0,4,39,4,3,3,45.9999666666668,2,86,1,5,5,4,5,5,4,4,4,3,4,5,3
"604",2,26,1,2,4,2,2,2,4,4,1,3,240,21,2500,1990,0,3,30,5,3,3,34.3333,1,86,1,5,4,4,4,3,4,3,3,3,3,1,3
"605",2,22,1,1,4,4,3,4,4,4,2,5,30,3,800,810,0,1,0,3,3,3,60.4999666666668,1,86,1,4,4,5,2,4,5,5,4,5,1,5,7
"606",2,2,4,1,5,5,5,5,5,5,1,3,60,70,500,2760,0,4,60,5,5,5,32.4999666666668,1,86,1,3,2,4,1,4,5,2,4,3,2,6,3
"607",2,26,1,2,4,4,4,5,5,4,1,3,20,17,0,2000,0,3,0,3,3,3,34.7499666666668,1,86,1,5,2,2,1,5,4,4,5,5,7,6,3
